This is LuaHBTeX, Version 1.22.0 (TeX Live 2025)  (format=lualatex 2026.2.1)  23 MAY 2026 20:25
 restricted system commands enabled.
**index.tex
(./index.tex
LaTeX2e <2025-11-01>
L3 programming layer <2026-01-19>
Lua module: luaotfload 2024-12-03 v3.29 Lua based OpenType font support
Lua module: lualibs 2023-07-13 v2.76 ConTeXt Lua standard libraries.
Lua module: lualibs-extended 2023-07-13 v2.76 ConTeXt Lua libraries -- extended collection.
luaotfload | conf : Root cache directory is "/Users/arturobouzas/Library/TinyTeX/texmf-var/luatex-cache/generic/names".
luaotfload | init : Loading fontloader "fontloader-2023-12-28.lua" from kpse-resolved path "/Users/arturobouzas/Library/TinyTeX/texmf-dist/tex/luatex/luaotfload/fontloader-2023-12-28.lua".
Lua-only attribute luaotfload@noligature = 1
luaotfload | init : Context OpenType loader version 3.134
Inserting `luaotfload.node_processor' in `pre_linebreak_filter'.
Inserting `luaotfload.node_processor' in `hpack_filter'.
Inserting `luaotfload.glyph_stream' in `glyph_stream_provider'.
Inserting `luaotfload.define_font' in `define_font'.
Lua-only attribute luaotfload_color_attribute = 2
luaotfload | conf : Root cache directory is "/Users/arturobouzas/Library/TinyTeX/texmf-var/luatex-cache/generic/names".
Inserting `luaotfload.harf.strip_prefix' in `find_opentype_file'.
Inserting `luaotfload.harf.strip_prefix' in `find_truetype_file'.
Removing  `luaotfload.glyph_stream' from `glyph_stream_provider'.
Inserting `luaotfload.harf.glyphstream' in `glyph_stream_provider'.
Inserting `luaotfload.harf.finalize_vlist' in `post_linebreak_filter'.
Inserting `luaotfload.harf.finalize_hlist' in `hpack_filter'.
Inserting `luaotfload.cleanup_files' in `wrapup_run'.
Inserting `luaotfload.harf.finalize_unicode' in `finish_pdffile'.
Inserting `luaotfload.glyphinfo' in `glyph_info'.
Lua-only attribute luaotfload.letterspace_done = 3
Inserting `luaotfload.aux.set_sscale_dimens' in `luaotfload.patch_font'.
Inserting `luaotfload.aux.set_font_index' in `luaotfload.patch_font'.
Inserting `luaotfload.aux.patch_cambria_domh' in `luaotfload.patch_font'.
Inserting `luaotfload.aux.fixup_fontdata' in `luaotfload.patch_font_unsafe'.
Inserting `luaotfload.aux.set_capheight' in `luaotfload.patch_font'.
Inserting `luaotfload.aux.set_xheight' in `luaotfload.patch_font'.
Inserting `luaotfload.rewrite_fontname' in `luaotfload.patch_font'.
Inserting `tracingstacklevels' in `input_level_string'. (/Users/arturobouzas/Library/TinyTeX/texmf-dist/tex/latex/koma-script/scrreprt.cls

+----------------------------------------------------------------------
| WARNING (`scrreprt.cls'):
+----------------------------------------------------------------------
| YOU SHOULD NOTE, THAT THIS IS NOT AN OFFICIAL RELEASE!
| THIS VERSION IS INTENDED TO BE USED FOR TESTING ONLY!
| USAGE FOR PURPOSES OTHER THAN INTENDED IS DANGEROUS!
| DON'T EXPECT ANY SUPPORT FOR THIS VERSION!
+----------------------------------------------------------------------

Document Class: scrreprt 2026/01/29 v3.49.1 KOMA-Script document class (report)
(/Users/arturobouzas/Library/TinyTeX/texmf-dist/tex/latex/koma-script/scrkbase.sty

+----------------------------------------------------------------------
| WARNING (`scrkbase.sty'):
+----------------------------------------------------------------------
| YOU SHOULD NOTE, THAT THIS IS NOT AN OFFICIAL RELEASE!
| THIS VERSION IS INTENDED TO BE USED FOR TESTING ONLY!
| USAGE FOR PURPOSES OTHER THAN INTENDED IS DANGEROUS!
| DON'T EXPECT ANY SUPPORT FOR THIS VERSION!
+----------------------------------------------------------------------

Package: scrkbase 2026/01/29 v3.49.1 KOMA-Script package (KOMA-Script-dependent basics and keyval usage)
(/Users/arturobouzas/Library/TinyTeX/texmf-dist/tex/latex/koma-script/scrbase.sty

+----------------------------------------------------------------------
| WARNING (`scrbase.sty'):
+----------------------------------------------------------------------
| YOU SHOULD NOTE, THAT THIS IS NOT AN OFFICIAL RELEASE!
| THIS VERSION IS INTENDED TO BE USED FOR TESTING ONLY!
| USAGE FOR PURPOSES OTHER THAN INTENDED IS DANGEROUS!
| DON'T EXPECT ANY SUPPORT FOR THIS VERSION!
+----------------------------------------------------------------------

Package: scrbase 2026/01/29 v3.49.1 KOMA-Script package (KOMA-Script-independent basics and keyval usage)
(/Users/arturobouzas/Library/TinyTeX/texmf-dist/tex/latex/koma-script/scrlfile.sty

+----------------------------------------------------------------------
| WARNING (`scrlfile.sty'):
+----------------------------------------------------------------------
| YOU SHOULD NOTE, THAT THIS IS NOT AN OFFICIAL RELEASE!
| THIS VERSION IS INTENDED TO BE USED FOR TESTING ONLY!
| USAGE FOR PURPOSES OTHER THAN INTENDED IS DANGEROUS!
| DON'T EXPECT ANY SUPPORT FOR THIS VERSION!
+----------------------------------------------------------------------

Package: scrlfile 2026/01/29 v3.49.1 KOMA-Script package (file load hooks)
(/Users/arturobouzas/Library/TinyTeX/texmf-dist/tex/latex/koma-script/scrlfile-hook.sty

+----------------------------------------------------------------------
| WARNING (`scrlfile-hook.sty'):
+----------------------------------------------------------------------
| YOU SHOULD NOTE, THAT THIS IS NOT AN OFFICIAL RELEASE!
| THIS VERSION IS INTENDED TO BE USED FOR TESTING ONLY!
| USAGE FOR PURPOSES OTHER THAN INTENDED IS DANGEROUS!
| DON'T EXPECT ANY SUPPORT FOR THIS VERSION!
+----------------------------------------------------------------------

Package: scrlfile-hook 2026/01/29 v3.49.1 KOMA-Script package (using LaTeX hooks)
(/Users/arturobouzas/Library/TinyTeX/texmf-dist/tex/latex/koma-script/scrlogo.sty

+----------------------------------------------------------------------
| WARNING (`scrlogo.sty'):
+----------------------------------------------------------------------
| YOU SHOULD NOTE, THAT THIS IS NOT AN OFFICIAL RELEASE!
| THIS VERSION IS INTENDED TO BE USED FOR TESTING ONLY!
| USAGE FOR PURPOSES OTHER THAN INTENDED IS DANGEROUS!
| DON'T EXPECT ANY SUPPORT FOR THIS VERSION!
+----------------------------------------------------------------------

Package: scrlogo 2026/01/29 v3.49.1 KOMA-Script package (logo)
))) (/Users/arturobouzas/Library/TinyTeX/texmf-dist/tex/latex/graphics/keyval.sty
Package: keyval 2022/05/29 v1.15 key=value parser (DPC)
\KV@toks@=\toks17
)
Applying: [2021/05/01] Usage of raw or classic option list on input line 267.
Already applied: [0000/00/00] Usage of raw or classic option list on input line 383.
)) (/Users/arturobouzas/Library/TinyTeX/texmf-dist/tex/latex/koma-script/tocbasic.sty

+----------------------------------------------------------------------
| WARNING (`tocbasic.sty'):
+----------------------------------------------------------------------
| YOU SHOULD NOTE, THAT THIS IS NOT AN OFFICIAL RELEASE!
| THIS VERSION IS INTENDED TO BE USED FOR TESTING ONLY!
| USAGE FOR PURPOSES OTHER THAN INTENDED IS DANGEROUS!
| DON'T EXPECT ANY SUPPORT FOR THIS VERSION!
+----------------------------------------------------------------------

Package: tocbasic 2026/01/29 v3.49.1 KOMA-Script package (handling toc-files)
\scr@dte@tocline@numberwidth=\skip49
\scr@dte@tocline@numbox=\box53
)
Package tocbasic Info: omitting babel extension for `toc'
(tocbasic)             because of feature `nobabel' available
(tocbasic)             for `toc' on input line 156.
Class scrreprt Info: File `scrsize11pt.clo' used instead of
(scrreprt)           file `scrsize11.clo' to setup font sizes on input line 2722.
(/Users/arturobouzas/Library/TinyTeX/texmf-dist/tex/latex/koma-script/scrsize11pt.clo

+----------------------------------------------------------------------
| WARNING (`scrsize11pt.clo'):
+----------------------------------------------------------------------
| YOU SHOULD NOTE, THAT THIS IS NOT AN OFFICIAL RELEASE!
| THIS VERSION IS INTENDED TO BE USED FOR TESTING ONLY!
| USAGE FOR PURPOSES OTHER THAN INTENDED IS DANGEROUS!
| DON'T EXPECT ANY SUPPORT FOR THIS VERSION!
+----------------------------------------------------------------------

File: scrsize11pt.clo 2026/01/29 v3.49.1 KOMA-Script font size class option (11pt)
luaotfload | db : Font names database loaded from /Users/arturobouzas/Library/TinyTeX/texmf-var/luatex-cache/generic/names/luaotfload-names.luc.gz) (/Users/arturobouzas/Library/TinyTeX/texmf-dist/tex/latex/koma-script/typearea.sty

+----------------------------------------------------------------------
| WARNING (`typearea.sty'):
+----------------------------------------------------------------------
| YOU SHOULD NOTE, THAT THIS IS NOT AN OFFICIAL RELEASE!
| THIS VERSION IS INTENDED TO BE USED FOR TESTING ONLY!
| USAGE FOR PURPOSES OTHER THAN INTENDED IS DANGEROUS!
| DON'T EXPECT ANY SUPPORT FOR THIS VERSION!
+----------------------------------------------------------------------

Package: typearea 2026/01/29 v3.49.1 KOMA-Script package (type area)
\ta@bcor=\skip50
\ta@div=\count273
Package typearea Info: You've used standard option `letterpaper'.
(typearea)             This is correct!
(typearea)             Internally I'm using `paper=letter'.
(typearea)             If you'd like to set the option with \KOMAoptions,
(typearea)             you'd have to use `paper=letter' there
(typearea)             instead of `letterpaper', too.
\ta@hblk=\skip51
\ta@vblk=\skip52
\ta@temp=\skip53
\footheight=\skip54
Package typearea Info: These are the values describing the layout:
(typearea)             DIV  = 11
(typearea)             BCOR = 0.0pt
(typearea)             \paperwidth      = 614.295pt
(typearea)              \textwidth      = 446.76004pt
(typearea)              DIV departure   = -14%
(typearea)              \evensidemargin = 11.49748pt
(typearea)              \oddsidemargin  = 11.49748pt
(typearea)             \paperheight     = 794.96999pt
(typearea)              \textheight     = 582.20026pt
(typearea)              \topmargin      = -37.40001pt
(typearea)              \headheight     = 17.0pt
(typearea)              \headsep        = 20.40001pt
(typearea)              \topskip        = 11.0pt
(typearea)              \footskip       = 47.6pt
(typearea)              \baselineskip   = 13.6pt
(typearea)              on input line 1822.
)
\c_scrreprt_cmdhook_cctab=\catcodetable14
\c@part=\count274
\c@chapter=\count275
\c@section=\count276
\c@subsection=\count277
\c@subsubsection=\count278
\c@paragraph=\count279
\c@subparagraph=\count280
\scr@dte@chapter@maxnumwidth=\skip55
Class scrreprt Info: using compatibility default `afterindent=bysign'
(scrreprt)           for `\chapter on input line 5946.
\scr@dte@section@maxnumwidth=\skip56
Class scrreprt Info: using compatibility default `runin=bysign'
(scrreprt)           for `\section on input line 5957.
Class scrreprt Info: using compatibility default `afterindent=bysign'
(scrreprt)           for `\section on input line 5957.
\scr@dte@part@maxnumwidth=\skip57
Class scrreprt Info: using compatibility default `afterindent=true'
(scrreprt)           for `\part on input line 5966.
\scr@dte@subsection@maxnumwidth=\skip58
Class scrreprt Info: using compatibility default `runin=bysign'
(scrreprt)           for `\subsection on input line 5976.
Class scrreprt Info: using compatibility default `afterindent=bysign'
(scrreprt)           for `\subsection on input line 5976.
\scr@dte@subsubsection@maxnumwidth=\skip59
Class scrreprt Info: using compatibility default `runin=bysign'
(scrreprt)           for `\subsubsection on input line 5986.
Class scrreprt Info: using compatibility default `afterindent=bysign'
(scrreprt)           for `\subsubsection on input line 5986.
\scr@dte@paragraph@maxnumwidth=\skip60
Class scrreprt Info: using compatibility default `runin=bysign'
(scrreprt)           for `\paragraph on input line 5997.
Class scrreprt Info: using compatibility default `afterindent=bysign'
(scrreprt)           for `\paragraph on input line 5997.
\scr@dte@subparagraph@maxnumwidth=\skip61
Class scrreprt Info: using compatibility default `runin=bysign'
(scrreprt)           for `\subparagraph on input line 6007.
Class scrreprt Info: using compatibility default `afterindent=bysign'
(scrreprt)           for `\subparagraph on input line 6007.
\abovecaptionskip=\skip62
\belowcaptionskip=\skip63
\c@pti@nb@sid@b@x=\box54
Package tocbasic Info: omitting babel extension for `lof'
(tocbasic)             because of feature `nobabel' available
(tocbasic)             for `lof' on input line 7237.
\scr@dte@figure@maxnumwidth=\skip64
\c@figure=\count281
Package tocbasic Info: omitting babel extension for `lot'
(tocbasic)             because of feature `nobabel' available
(tocbasic)             for `lot' on input line 7250.
\scr@dte@table@maxnumwidth=\skip65
\c@table=\count282
Class scrreprt Info: Redefining `\numberline' on input line 7421.
\bibindent=\dimen147
) (/Users/arturobouzas/Library/TinyTeX/texmf-dist/tex/latex/xcolor/xcolor.sty
Package: xcolor 2024/09/29 v3.02 LaTeX color extensions (UK)
(/Users/arturobouzas/Library/TinyTeX/texmf-dist/tex/latex/graphics-cfg/color.cfg
File: color.cfg 2016/01/02 v1.6 sample color configuration
)
Package xcolor Info: Driver file: luatex.def on input line 274.
(/Users/arturobouzas/Library/TinyTeX/texmf-dist/tex/latex/graphics-def/luatex.def
File: luatex.def 2025/09/29 v1.2f Graphics/color driver for luatex
) (/Users/arturobouzas/Library/TinyTeX/texmf-dist/tex/latex/graphics/mathcolor.ltx)
Package xcolor Info: Model `cmy' substituted by `cmy0' on input line 1349.
Package xcolor Info: Model `hsb' substituted by `rgb' on input line 1353.
Package xcolor Info: Model `RGB' extended on input line 1365.
Package xcolor Info: Model `HTML' substituted by `rgb' on input line 1367.
Package xcolor Info: Model `Hsb' substituted by `hsb' on input line 1368.
Package xcolor Info: Model `tHsb' substituted by `hsb' on input line 1369.
Package xcolor Info: Model `HSB' substituted by `hsb' on input line 1370.
Package xcolor Info: Model `Gray' substituted by `gray' on input line 1371.
Package xcolor Info: Model `wave' substituted by `hsb' on input line 1372.
) (/Users/arturobouzas/Library/TinyTeX/texmf-dist/tex/latex/graphics/dvipsnam.def
File: dvipsnam.def 2016/06/17 v3.0m Driver-dependent file (DPC,SPQR)
) (/Users/arturobouzas/Library/TinyTeX/texmf-dist/tex/latex/xcolor/svgnam.def
File: svgnam.def 2024/09/29 v3.02 Predefined colors according to SVG 1.1 (UK)
) (/Users/arturobouzas/Library/TinyTeX/texmf-dist/tex/latex/xcolor/x11nam.def
File: x11nam.def 2024/09/29 v3.02 Predefined colors according to Unix/X11 (UK)
) (/Users/arturobouzas/Library/TinyTeX/texmf-dist/tex/latex/amsmath/amsmath.sty
Package: amsmath 2025/07/09 v2.17z AMS math features
\@mathmargin=\skip66
For additional information on amsmath, use the `?' option.
(/Users/arturobouzas/Library/TinyTeX/texmf-dist/tex/latex/amsmath/amstext.sty
Package: amstext 2024/11/17 v2.01 AMS text
(/Users/arturobouzas/Library/TinyTeX/texmf-dist/tex/latex/amsmath/amsgen.sty
File: amsgen.sty 1999/11/30 v2.0 generic functions
\@emptytoks=\toks18
\ex@=\dimen148
)) (/Users/arturobouzas/Library/TinyTeX/texmf-dist/tex/latex/amsmath/amsbsy.sty
Package: amsbsy 1999/11/29 v1.2d Bold Symbols
\pmbraise@=\dimen149
) (/Users/arturobouzas/Library/TinyTeX/texmf-dist/tex/latex/amsmath/amsopn.sty
Package: amsopn 2022/04/08 v2.04 operator names
)
\inf@bad=\count283
LaTeX Info: Redefining \frac on input line 235.
\uproot@=\count284
\leftroot@=\count285
LaTeX Info: Redefining \overline on input line 398.
LaTeX Info: Redefining \colon on input line 409.
\classnum@=\count286
\DOTSCASE@=\count287
LaTeX Info: Redefining \ldots on input line 495.
LaTeX Info: Redefining \dots on input line 498.
LaTeX Info: Redefining \cdots on input line 619.
\Mathstrutbox@=\box55
\strutbox@=\box56
LaTeX Info: Redefining \big on input line 721.
LaTeX Info: Redefining \Big on input line 722.
LaTeX Info: Redefining \bigg on input line 723.
LaTeX Info: Redefining \Bigg on input line 724.
\big@size=\dimen150
LaTeX Font Info:    Redeclaring font encoding OML on input line 742.
LaTeX Font Info:    Redeclaring font encoding OMS on input line 743.
\macc@depth=\count288
LaTeX Info: Redefining \bmod on input line 904.
LaTeX Info: Redefining \pmod on input line 909.
LaTeX Info: Redefining \smash on input line 939.
LaTeX Info: Redefining \relbar on input line 969.
LaTeX Info: Redefining \Relbar on input line 970.
\c@MaxMatrixCols=\count289
\dotsspace@=\muskip17
\c@parentequation=\count290
\dspbrk@lvl=\count291
\tag@help=\toks19
\row@=\count292
\column@=\count293
\maxfields@=\count294
\andhelp@=\toks20
\eqnshift@=\dimen151
\alignsep@=\dimen152
\tagshift@=\dimen153
\tagwidth@=\dimen154
\totwidth@=\dimen155
\lineht@=\dimen156
\@envbody=\toks21
\multlinegap=\skip67
\multlinetaggap=\skip68
\mathdisplay@stack=\toks22
LaTeX Info: Redefining \[ on input line 2950.
LaTeX Info: Redefining \] on input line 2951.
) (/Users/arturobouzas/Library/TinyTeX/texmf-dist/tex/latex/amsfonts/amssymb.sty
Package: amssymb 2013/01/14 v3.01 AMS font symbols
(/Users/arturobouzas/Library/TinyTeX/texmf-dist/tex/latex/amsfonts/amsfonts.sty
Package: amsfonts 2013/01/14 v3.01 Basic AMSFonts support
\symAMSa=\mathgroup4
\symAMSb=\mathgroup5
LaTeX Font Info:    Redeclaring math symbol \hbar on input line 98.
LaTeX Font Info:    Overwriting math alphabet `\mathfrak' in version `bold'
(Font)                  U/euf/m/n --> U/euf/b/n on input line 106.
)) (/Users/arturobouzas/Library/TinyTeX/texmf-dist/tex/generic/iftex/iftex.sty
Package: iftex 2024/12/12 v1.0g TeX engine tests
) (/Users/arturobouzas/Library/TinyTeX/texmf-dist/tex/latex/unicode-math/unicode-math.sty (/Users/arturobouzas/Library/TinyTeX/texmf-dist/tex/latex/l3kernel/expl3.sty
Package: expl3 2026-01-19 L3 programming layer (loader) 
(/Users/arturobouzas/Library/TinyTeX/texmf-dist/tex/latex/l3backend/l3backend-luatex.def
File: l3backend-luatex.def 2025-10-09 L3 backend support: PDF output (LuaTeX)
\l__color_backend_stack_int=\count295
Inserting `l3color' in `luaotfload.parse_color'.))
Package: unicode-math 2023/08/13 v0.8r Unicode maths in XeLaTeX and LuaLaTeX
(/Users/arturobouzas/Library/TinyTeX/texmf-dist/tex/latex/unicode-math/unicode-math-luatex.sty
Package: unicode-math-luatex 2023/08/13 v0.8r Unicode maths in XeLaTeX and LuaLaTeX
(/Users/arturobouzas/Library/TinyTeX/texmf-dist/tex/latex/l3packages/xparse/xparse.sty
Package: xparse 2025-10-09 L3 Experimental document command parser
) (/Users/arturobouzas/Library/TinyTeX/texmf-dist/tex/latex/l3packages/l3keys2e/l3keys2e.sty
Package: l3keys2e 2025-10-09 LaTeX2e option processing using LaTeX3 keys
) (/Users/arturobouzas/Library/TinyTeX/texmf-dist/tex/latex/fontspec/fontspec.sty
Package: fontspec 2025/09/29 v2.9g Font selection for XeLaTeX and LuaLaTeX
Lua module: fontspec 2025/09/29 v2.9g Font selection for XeLaTeX and LuaLaTeX (/Users/arturobouzas/Library/TinyTeX/texmf-dist/tex/latex/fontspec/fontspec-luatex.sty
Package: fontspec-luatex 2025/09/29 v2.9g Font selection for XeLaTeX and LuaLaTeX
\l__fontspec_script_int=\count296
\l__fontspec_language_int=\count297
\l__fontspec_strnum_int=\count298
\l__fontspec_tmp_int=\count299
\l__fontspec_tmpa_int=\count300
\l__fontspec_tmpb_int=\count301
\l__fontspec_tmpc_int=\count302
\l__fontspec_em_int=\count303
\l__fontspec_emdef_int=\count304
\l__fontspec_strong_int=\count305
\l__fontspec_strongdef_int=\count306
\l__fontspec_tmpa_dim=\dimen157
\l__fontspec_tmpb_dim=\dimen158
\l__fontspec_tmpc_dim=\dimen159
(/Users/arturobouzas/Library/TinyTeX/texmf-dist/tex/latex/base/fontenc.sty
Package: fontenc 2025/07/18 v2.1d Standard LaTeX package
) (/Users/arturobouzas/Library/TinyTeX/texmf-dist/tex/latex/fontspec/fontspec.cfg))) (/Users/arturobouzas/Library/TinyTeX/texmf-dist/tex/latex/base/fix-cm.sty
Package: fix-cm 2020/11/24 v1.1t fixes to LaTeX
(/Users/arturobouzas/Library/TinyTeX/texmf-dist/tex/latex/base/ts1enc.def
File: ts1enc.def 2001/06/05 v3.0e (jk/car/fm) Standard LaTeX file
LaTeX Font Info:    Redeclaring font encoding TS1 on input line 47.
LaTeX Encoding Info:    Redeclaring text command \capitalcedilla (encoding TS1) on input line 49.
LaTeX Encoding Info:    Redeclaring text command \capitalogonek (encoding TS1) on input line 52.
LaTeX Encoding Info:    Redeclaring text command \capitalgrave (encoding TS1) on input line 55.
LaTeX Encoding Info:    Redeclaring text command \capitalacute (encoding TS1) on input line 56.
LaTeX Encoding Info:    Redeclaring text command \capitalcircumflex (encoding TS1) on input line 57.
LaTeX Encoding Info:    Redeclaring text command \capitaltilde (encoding TS1) on input line 58.
LaTeX Encoding Info:    Redeclaring text command \capitaldieresis (encoding TS1) on input line 59.
LaTeX Encoding Info:    Redeclaring text command \capitalhungarumlaut (encoding TS1) on input line 60.
LaTeX Encoding Info:    Redeclaring text command \capitalring (encoding TS1) on input line 61.
LaTeX Encoding Info:    Redeclaring text command \capitalcaron (encoding TS1) on input line 62.
LaTeX Encoding Info:    Redeclaring text command \capitalbreve (encoding TS1) on input line 63.
LaTeX Encoding Info:    Redeclaring text command \capitalmacron (encoding TS1) on input line 64.
LaTeX Encoding Info:    Redeclaring text command \capitaldotaccent (encoding TS1) on input line 65.
LaTeX Encoding Info:    Redeclaring text command \t (encoding TS1) on input line 66.
LaTeX Encoding Info:    Redeclaring text command \capitaltie (encoding TS1) on input line 67.
LaTeX Encoding Info:    Redeclaring text command \newtie (encoding TS1) on input line 68.
LaTeX Encoding Info:    Redeclaring text command \capitalnewtie (encoding TS1) on input line 69.
LaTeX Encoding Info:    Redeclaring text symbol \textcapitalcompwordmark (encoding TS1) on input line 70.
LaTeX Encoding Info:    Redeclaring text symbol \textascendercompwordmark (encoding TS1) on input line 71.
LaTeX Encoding Info:    Redeclaring text symbol \textquotestraightbase (encoding TS1) on input line 72.
LaTeX Encoding Info:    Redeclaring text symbol \textquotestraightdblbase (encoding TS1) on input line 73.
LaTeX Encoding Info:    Redeclaring text symbol \texttwelveudash (encoding TS1) on input line 74.
LaTeX Encoding Info:    Redeclaring text symbol \textthreequartersemdash (encoding TS1) on input line 75.
LaTeX Encoding Info:    Redeclaring text symbol \textleftarrow (encoding TS1) on input line 76.
LaTeX Encoding Info:    Redeclaring text symbol \textrightarrow (encoding TS1) on input line 77.
LaTeX Encoding Info:    Redeclaring text symbol \textblank (encoding TS1) on input line 78.
LaTeX Encoding Info:    Redeclaring text symbol \textdollar (encoding TS1) on input line 79.
LaTeX Encoding Info:    Redeclaring text symbol \textquotesingle (encoding TS1) on input line 80.
LaTeX Encoding Info:    Redeclaring text command \textasteriskcentered (encoding TS1) on input line 81.
LaTeX Encoding Info:    Redeclaring text symbol \textdblhyphen (encoding TS1) on input line 92.
LaTeX Encoding Info:    Redeclaring text symbol \textfractionsolidus (encoding TS1) on input line 93.
LaTeX Encoding Info:    Redeclaring text symbol \textzerooldstyle (encoding TS1) on input line 94.
LaTeX Encoding Info:    Redeclaring text symbol \textoneoldstyle (encoding TS1) on input line 95.
LaTeX Encoding Info:    Redeclaring text symbol \texttwooldstyle (encoding TS1) on input line 96.
LaTeX Encoding Info:    Redeclaring text symbol \textthreeoldstyle (encoding TS1) on input line 97.
LaTeX Encoding Info:    Redeclaring text symbol \textfouroldstyle (encoding TS1) on input line 98.
LaTeX Encoding Info:    Redeclaring text symbol \textfiveoldstyle (encoding TS1) on input line 99.
LaTeX Encoding Info:    Redeclaring text symbol \textsixoldstyle (encoding TS1) on input line 100.
LaTeX Encoding Info:    Redeclaring text symbol \textsevenoldstyle (encoding TS1) on input line 101.
LaTeX Encoding Info:    Redeclaring text symbol \texteightoldstyle (encoding TS1) on input line 102.
LaTeX Encoding Info:    Redeclaring text symbol \textnineoldstyle (encoding TS1) on input line 103.
LaTeX Encoding Info:    Redeclaring text symbol \textlangle (encoding TS1) on input line 104.
LaTeX Encoding Info:    Redeclaring text symbol \textminus (encoding TS1) on input line 105.
LaTeX Encoding Info:    Redeclaring text symbol \textrangle (encoding TS1) on input line 106.
LaTeX Encoding Info:    Redeclaring text symbol \textmho (encoding TS1) on input line 107.
LaTeX Encoding Info:    Redeclaring text symbol \textbigcircle (encoding TS1) on input line 108.
LaTeX Encoding Info:    Redeclaring text command \textcircled (encoding TS1) on input line 109.
LaTeX Encoding Info:    Redeclaring text symbol \textohm (encoding TS1) on input line 115.
LaTeX Encoding Info:    Redeclaring text symbol \textlbrackdbl (encoding TS1) on input line 116.
LaTeX Encoding Info:    Redeclaring text symbol \textrbrackdbl (encoding TS1) on input line 117.
LaTeX Encoding Info:    Redeclaring text symbol \textuparrow (encoding TS1) on input line 118.
LaTeX Encoding Info:    Redeclaring text symbol \textdownarrow (encoding TS1) on input line 119.
LaTeX Encoding Info:    Redeclaring text symbol \textasciigrave (encoding TS1) on input line 120.
LaTeX Encoding Info:    Redeclaring text symbol \textborn (encoding TS1) on input line 121.
LaTeX Encoding Info:    Redeclaring text symbol \textdivorced (encoding TS1) on input line 122.
LaTeX Encoding Info:    Redeclaring text symbol \textdied (encoding TS1) on input line 123.
LaTeX Encoding Info:    Redeclaring text symbol \textleaf (encoding TS1) on input line 124.
LaTeX Encoding Info:    Redeclaring text symbol \textmarried (encoding TS1) on input line 125.
LaTeX Encoding Info:    Redeclaring text symbol \textmusicalnote (encoding TS1) on input line 126.
LaTeX Encoding Info:    Redeclaring text symbol \texttildelow (encoding TS1) on input line 127.
LaTeX Encoding Info:    Redeclaring text symbol \textdblhyphenchar (encoding TS1) on input line 128.
LaTeX Encoding Info:    Redeclaring text symbol \textasciibreve (encoding TS1) on input line 129.
LaTeX Encoding Info:    Redeclaring text symbol \textasciicaron (encoding TS1) on input line 130.
LaTeX Encoding Info:    Redeclaring text symbol \textacutedbl (encoding TS1) on input line 131.
LaTeX Encoding Info:    Redeclaring text symbol \textgravedbl (encoding TS1) on input line 132.
LaTeX Encoding Info:    Redeclaring text symbol \textdagger (encoding TS1) on input line 133.
LaTeX Encoding Info:    Redeclaring text symbol \textdaggerdbl (encoding TS1) on input line 134.
LaTeX Encoding Info:    Redeclaring text symbol \textbardbl (encoding TS1) on input line 135.
LaTeX Encoding Info:    Redeclaring text symbol \textperthousand (encoding TS1) on input line 136.
LaTeX Encoding Info:    Redeclaring text symbol \textbullet (encoding TS1) on input line 137.
LaTeX Encoding Info:    Redeclaring text symbol \textcelsius (encoding TS1) on input line 138.
LaTeX Encoding Info:    Redeclaring text symbol \textdollaroldstyle (encoding TS1) on input line 139.
LaTeX Encoding Info:    Redeclaring text symbol \textcentoldstyle (encoding TS1) on input line 140.
LaTeX Encoding Info:    Redeclaring text symbol \textflorin (encoding TS1) on input line 141.
LaTeX Encoding Info:    Redeclaring text symbol \textcolonmonetary (encoding TS1) on input line 142.
LaTeX Encoding Info:    Redeclaring text symbol \textwon (encoding TS1) on input line 143.
LaTeX Encoding Info:    Redeclaring text symbol \textnaira (encoding TS1) on input line 144.
LaTeX Encoding Info:    Redeclaring text symbol \textguarani (encoding TS1) on input line 145.
LaTeX Encoding Info:    Redeclaring text symbol \textpeso (encoding TS1) on input line 146.
LaTeX Encoding Info:    Redeclaring text symbol \textlira (encoding TS1) on input line 147.
LaTeX Encoding Info:    Redeclaring text symbol \textrecipe (encoding TS1) on input line 148.
LaTeX Encoding Info:    Redeclaring text symbol \textinterrobang (encoding TS1) on input line 149.
LaTeX Encoding Info:    Redeclaring text symbol \textinterrobangdown (encoding TS1) on input line 150.
LaTeX Encoding Info:    Redeclaring text symbol \textdong (encoding TS1) on input line 151.
LaTeX Encoding Info:    Redeclaring text symbol \texttrademark (encoding TS1) on input line 152.
LaTeX Encoding Info:    Redeclaring text symbol \textpertenthousand (encoding TS1) on input line 153.
LaTeX Encoding Info:    Redeclaring text symbol \textpilcrow (encoding TS1) on input line 154.
LaTeX Encoding Info:    Redeclaring text symbol \textbaht (encoding TS1) on input line 155.
LaTeX Encoding Info:    Redeclaring text symbol \textnumero (encoding TS1) on input line 156.
LaTeX Encoding Info:    Redeclaring text symbol \textdiscount (encoding TS1) on input line 157.
LaTeX Encoding Info:    Redeclaring text symbol \textestimated (encoding TS1) on input line 158.
LaTeX Encoding Info:    Redeclaring text symbol \textopenbullet (encoding TS1) on input line 159.
LaTeX Encoding Info:    Redeclaring text symbol \textservicemark (encoding TS1) on input line 160.
LaTeX Encoding Info:    Redeclaring text symbol \textlquill (encoding TS1) on input line 161.
LaTeX Encoding Info:    Redeclaring text symbol \textrquill (encoding TS1) on input line 162.
LaTeX Encoding Info:    Redeclaring text symbol \textcent (encoding TS1) on input line 163.
LaTeX Encoding Info:    Redeclaring text symbol \textsterling (encoding TS1) on input line 164.
LaTeX Encoding Info:    Redeclaring text symbol \textcurrency (encoding TS1) on input line 165.
LaTeX Encoding Info:    Redeclaring text symbol \textyen (encoding TS1) on input line 166.
LaTeX Encoding Info:    Redeclaring text symbol \textbrokenbar (encoding TS1) on input line 167.
LaTeX Encoding Info:    Redeclaring text symbol \textsection (encoding TS1) on input line 168.
LaTeX Encoding Info:    Redeclaring text symbol \textasciidieresis (encoding TS1) on input line 169.
LaTeX Encoding Info:    Redeclaring text symbol \textcopyright (encoding TS1) on input line 170.
LaTeX Encoding Info:    Redeclaring text symbol \textordfeminine (encoding TS1) on input line 171.
LaTeX Encoding Info:    Redeclaring text symbol \textcopyleft (encoding TS1) on input line 172.
LaTeX Encoding Info:    Redeclaring text symbol \textlnot (encoding TS1) on input line 173.
LaTeX Encoding Info:    Redeclaring text symbol \textcircledP (encoding TS1) on input line 174.
LaTeX Encoding Info:    Redeclaring text symbol \textregistered (encoding TS1) on input line 175.
LaTeX Encoding Info:    Redeclaring text symbol \textasciimacron (encoding TS1) on input line 176.
LaTeX Encoding Info:    Redeclaring text symbol \textdegree (encoding TS1) on input line 177.
LaTeX Encoding Info:    Redeclaring text symbol \textpm (encoding TS1) on input line 178.
LaTeX Encoding Info:    Redeclaring text symbol \texttwosuperior (encoding TS1) on input line 179.
LaTeX Encoding Info:    Redeclaring text symbol \textthreesuperior (encoding TS1) on input line 180.
LaTeX Encoding Info:    Redeclaring text symbol \textasciiacute (encoding TS1) on input line 181.
LaTeX Encoding Info:    Redeclaring text symbol \textmu (encoding TS1) on input line 182.
LaTeX Encoding Info:    Redeclaring text symbol \textparagraph (encoding TS1) on input line 183.
LaTeX Encoding Info:    Redeclaring text symbol \textperiodcentered (encoding TS1) on input line 184.
LaTeX Encoding Info:    Redeclaring text symbol \textreferencemark (encoding TS1) on input line 185.
LaTeX Encoding Info:    Redeclaring text symbol \textonesuperior (encoding TS1) on input line 186.
LaTeX Encoding Info:    Redeclaring text symbol \textordmasculine (encoding TS1) on input line 187.
LaTeX Encoding Info:    Redeclaring text symbol \textsurd (encoding TS1) on input line 188.
LaTeX Encoding Info:    Redeclaring text symbol \textonequarter (encoding TS1) on input line 189.
LaTeX Encoding Info:    Redeclaring text symbol \textonehalf (encoding TS1) on input line 190.
LaTeX Encoding Info:    Redeclaring text symbol \textthreequarters (encoding TS1) on input line 191.
LaTeX Encoding Info:    Redeclaring text symbol \texteuro (encoding TS1) on input line 192.
LaTeX Encoding Info:    Redeclaring text symbol \texttimes (encoding TS1) on input line 193.
LaTeX Encoding Info:    Redeclaring text symbol \textdiv (encoding TS1) on input line 194.
)) (/Users/arturobouzas/Library/TinyTeX/texmf-dist/tex/lualatex/lualatex-math/lualatex-math.sty
Package: lualatex-math 2022/01/01 v1.12 Patches for mathematics typesetting with LuaLaTeX
(/Users/arturobouzas/Library/TinyTeX/texmf-dist/tex/latex/etoolbox/etoolbox.sty
Package: etoolbox 2025/10/02 v2.5m e-TeX tools for LaTeX (JAW)
\etb@tempcnta=\count307
)
Lua module: lualatex-math 2013/08/03 v1.3 Patches for mathematics typesetting with LuaLaTeX)
\g__um_fam_int=\count308
\g__um_fonts_used_int=\count309
\l__um_primecount_int=\count310
\g__um_primekern_muskip=\muskip18
(/Users/arturobouzas/Library/TinyTeX/texmf-dist/tex/latex/unicode-math/unicode-math-table.tex))) (/Users/arturobouzas/Library/TinyTeX/texmf-dist/tex/latex/lm/lmodern.sty
Package: lmodern 2015/05/01 v1.6.1 Latin Modern Fonts
LaTeX Font Info:    Overwriting symbol font `operators' in version `normal'
(Font)                  OT1/cmr/m/n --> OT1/lmr/m/n on input line 22.
LaTeX Font Info:    Overwriting symbol font `letters' in version `normal'
(Font)                  OML/cmm/m/it --> OML/lmm/m/it on input line 23.
LaTeX Font Info:    Overwriting symbol font `symbols' in version `normal'
(Font)                  OMS/cmsy/m/n --> OMS/lmsy/m/n on input line 24.
LaTeX Font Info:    Overwriting symbol font `largesymbols' in version `normal'
(Font)                  OMX/cmex/m/n --> OMX/lmex/m/n on input line 25.
LaTeX Font Info:    Overwriting symbol font `operators' in version `bold'
(Font)                  OT1/cmr/bx/n --> OT1/lmr/bx/n on input line 26.
LaTeX Font Info:    Overwriting symbol font `letters' in version `bold'
(Font)                  OML/cmm/b/it --> OML/lmm/b/it on input line 27.
LaTeX Font Info:    Overwriting symbol font `symbols' in version `bold'
(Font)                  OMS/cmsy/b/n --> OMS/lmsy/b/n on input line 28.
LaTeX Font Info:    Overwriting symbol font `largesymbols' in version `bold'
(Font)                  OMX/cmex/m/n --> OMX/lmex/m/n on input line 29.
LaTeX Font Info:    Overwriting math alphabet `\mathbf' in version `normal'
(Font)                  OT1/cmr/bx/n --> OT1/lmr/bx/n on input line 31.
LaTeX Font Info:    Overwriting math alphabet `\mathsf' in version `normal'
(Font)                  OT1/cmss/m/n --> OT1/lmss/m/n on input line 32.
LaTeX Font Info:    Overwriting math alphabet `\mathit' in version `normal'
(Font)                  OT1/cmr/m/it --> OT1/lmr/m/it on input line 33.
LaTeX Font Info:    Overwriting math alphabet `\mathtt' in version `normal'
(Font)                  OT1/cmtt/m/n --> OT1/lmtt/m/n on input line 34.
LaTeX Font Info:    Overwriting math alphabet `\mathbf' in version `bold'
(Font)                  OT1/cmr/bx/n --> OT1/lmr/bx/n on input line 35.
LaTeX Font Info:    Overwriting math alphabet `\mathsf' in version `bold'
(Font)                  OT1/cmss/bx/n --> OT1/lmss/bx/n on input line 36.
LaTeX Font Info:    Overwriting math alphabet `\mathit' in version `bold'
(Font)                  OT1/cmr/bx/it --> OT1/lmr/bx/it on input line 37.
LaTeX Font Info:    Overwriting math alphabet `\mathtt' in version `bold'
(Font)                  OT1/cmtt/m/n --> OT1/lmtt/m/n on input line 38.
) (/Users/arturobouzas/Library/TinyTeX/texmf-dist/tex/latex/upquote/upquote.sty
Package: upquote 2012/04/19 v1.3 upright-quote and grave-accent glyphs in verbatim
(/Users/arturobouzas/Library/TinyTeX/texmf-dist/tex/latex/base/textcomp.sty
Package: textcomp 2024/04/24 v2.1b Standard LaTeX package
)) (/Users/arturobouzas/Library/TinyTeX/texmf-dist/tex/latex/microtype/microtype.sty
Package: microtype 2025/07/09 v3.2b Micro-typographical refinements (RS)
\MT@toks=\toks23
\MT@tempbox=\box57
\MT@count=\count311
LaTeX Info: Redefining \noprotrusionifhmode on input line 1087.
LaTeX Info: Redefining \leftprotrusion on input line 1088.
\MT@prot@toks=\toks24
LaTeX Info: Redefining \rightprotrusion on input line 1107.
LaTeX Info: Redefining \textls on input line 1449.
\MT@outer@kern=\dimen160
LaTeX Info: Redefining \microtypecontext on input line 2053.
LaTeX Info: Redefining \textmicrotypecontext on input line 2070.
\MT@listname@count=\count312
(/Users/arturobouzas/Library/TinyTeX/texmf-dist/tex/latex/microtype/microtype-luatex.def
File: microtype-luatex.def 2025/07/09 v3.2b Definitions specific to luatex (RS)
Lua module: microtype 2025/07/09 v3.2b microtype module.
Module microtype Info: overwriting function `keepligature' on input line 63
LaTeX Info: Redefining \lsstyle on input line 779.
LaTeX Info: Redefining \lslig on input line 779.
\MT@outer@space=\skip69
)
Package microtype Info: Loading configuration file microtype.cfg.
(/Users/arturobouzas/Library/TinyTeX/texmf-dist/tex/latex/microtype/microtype.cfg
File: microtype.cfg 2025/07/09 v3.2b microtype main configuration file (RS)
)
LaTeX Info: Redefining \microtypesetup on input line 3065.
) (/Users/arturobouzas/Library/TinyTeX/texmf-dist/tex/latex/tools/longtable.sty
Package: longtable 2025-10-13 v4.24 Multi-page Table package (DPC)
\LTleft=\skip70
\LTright=\skip71
\LTpre=\skip72
\LTpost=\skip73
\LTchunksize=\count313
\LTcapwidth=\dimen161
\LT@head=\box58
\LT@firsthead=\box59
\LT@foot=\box60
\LT@lastfoot=\box61
\LT@gbox=\box62
\LT@cols=\count314
\LT@rows=\count315
\c@LT@tables=\count316
\c@LT@chunks=\count317
\LT@p@ftn=\toks25
)
Class scrreprt Info: longtable captions redefined on input line 70.
(/Users/arturobouzas/Library/TinyTeX/texmf-dist/tex/latex/booktabs/booktabs.sty
Package: booktabs 2020/01/12 v1.61803398 Publication quality tables
\heavyrulewidth=\dimen162
\lightrulewidth=\dimen163
\cmidrulewidth=\dimen164
\belowrulesep=\dimen165
\belowbottomsep=\dimen166
\aboverulesep=\dimen167
\abovetopsep=\dimen168
\cmidrulesep=\dimen169
\cmidrulekern=\dimen170
\defaultaddspace=\dimen171
\@cmidla=\count318
\@cmidlb=\count319
\@aboverulesep=\dimen172
\@belowrulesep=\dimen173
\@thisruleclass=\count320
\@lastruleclass=\count321
\@thisrulewidth=\dimen174
) (/Users/arturobouzas/Library/TinyTeX/texmf-dist/tex/latex/tools/array.sty
Package: array 2025/09/25 v2.6n Tabular extension package (FMi)
\col@sep=\dimen175
\ar@mcellbox=\box63
\extrarowheight=\dimen176
\NC@list=\toks26
\extratabsurround=\skip74
\backup@length=\skip75
\ar@cellbox=\box64
) (/Users/arturobouzas/Library/TinyTeX/texmf-dist/tex/latex/tools/calc.sty
Package: calc 2025/03/01 v4.3b Infix arithmetic (KKT,FJ)
\calc@Acount=\count322
\calc@Bcount=\count323
\calc@Adimen=\dimen177
\calc@Bdimen=\dimen178
\calc@Askip=\skip76
\calc@Bskip=\skip77
LaTeX Info: Redefining \setlength on input line 86.
LaTeX Info: Redefining \addtolength on input line 87.
\calc@Ccount=\count324
\calc@Cskip=\skip78
) (/Users/arturobouzas/Library/TinyTeX/texmf-dist/tex/latex/mdwtools/footnote.sty
Package: footnote 1997/01/28 1.13 Save footnotes around boxes
\fn@notes=\box65
\fn@width=\dimen179
) (/Users/arturobouzas/Library/TinyTeX/texmf-dist/tex/latex/graphics/graphicx.sty
Package: graphicx 2024/12/31 v1.2e Enhanced LaTeX Graphics (DPC,SPQR)
(/Users/arturobouzas/Library/TinyTeX/texmf-dist/tex/latex/graphics/graphics.sty
Package: graphics 2024/08/06 v1.4g Standard LaTeX Graphics (DPC,SPQR)
(/Users/arturobouzas/Library/TinyTeX/texmf-dist/tex/latex/graphics/trig.sty
Package: trig 2023/12/02 v1.11 sin cos tan (DPC)
) (/Users/arturobouzas/Library/TinyTeX/texmf-dist/tex/latex/graphics-cfg/graphics.cfg
File: graphics.cfg 2016/06/04 v1.11 sample graphics configuration
)
Package graphics Info: Driver file: luatex.def on input line 106.
)
\Gin@req@height=\dimen180
\Gin@req@width=\dimen181
)
\pandoc@box=\box66
(/Users/arturobouzas/Library/TinyTeX/texmf-dist/tex/latex/tcolorbox/tcolorbox.sty
Package: tcolorbox 2025/11/28 version 6.9.0 text color boxes
(/Users/arturobouzas/Library/TinyTeX/texmf-dist/tex/latex/pgf/frontendlayer/tikz.sty (/Users/arturobouzas/Library/TinyTeX/texmf-dist/tex/latex/pgf/basiclayer/pgf.sty (/Users/arturobouzas/Library/TinyTeX/texmf-dist/tex/latex/pgf/utilities/pgfrcs.sty (/Users/arturobouzas/Library/TinyTeX/texmf-dist/tex/generic/pgf/utilities/pgfutil-common.tex
\pgfutil@everybye=\toks27
\pgfutil@tempdima=\dimen182
\pgfutil@tempdimb=\dimen183
) (/Users/arturobouzas/Library/TinyTeX/texmf-dist/tex/generic/pgf/utilities/pgfutil-latex.def
\pgfutil@abb=\box67
) (/Users/arturobouzas/Library/TinyTeX/texmf-dist/tex/generic/pgf/utilities/pgfrcs.code.tex (/Users/arturobouzas/Library/TinyTeX/texmf-dist/tex/generic/pgf/pgf.revision.tex)
Package: pgfrcs 2025-08-29 v3.1.11a (3.1.11a)
))
Package: pgf 2025-08-29 v3.1.11a (3.1.11a)
(/Users/arturobouzas/Library/TinyTeX/texmf-dist/tex/latex/pgf/basiclayer/pgfcore.sty (/Users/arturobouzas/Library/TinyTeX/texmf-dist/tex/latex/pgf/systemlayer/pgfsys.sty (/Users/arturobouzas/Library/TinyTeX/texmf-dist/tex/generic/pgf/systemlayer/pgfsys.code.tex
Package: pgfsys 2025-08-29 v3.1.11a (3.1.11a)
(/Users/arturobouzas/Library/TinyTeX/texmf-dist/tex/generic/pgf/utilities/pgfkeys.code.tex
\pgfkeys@pathtoks=\toks28
\pgfkeys@temptoks=\toks29
(/Users/arturobouzas/Library/TinyTeX/texmf-dist/tex/generic/pgf/utilities/pgfkeyslibraryfiltered.code.tex
\pgfkeys@tmptoks=\toks30
))
\pgf@x=\dimen184
\pgf@y=\dimen185
\pgf@xa=\dimen186
\pgf@ya=\dimen187
\pgf@xb=\dimen188
\pgf@yb=\dimen189
\pgf@xc=\dimen190
\pgf@yc=\dimen191
\pgf@xd=\dimen192
\pgf@yd=\dimen193
\w@pgf@writea=\write3
\r@pgf@reada=\read2
\c@pgf@counta=\count325
\c@pgf@countb=\count326
\c@pgf@countc=\count327
\c@pgf@countd=\count328
\t@pgf@toka=\toks31
\t@pgf@tokb=\toks32
\t@pgf@tokc=\toks33
\pgf@sys@id@count=\count329
(/Users/arturobouzas/Library/TinyTeX/texmf-dist/tex/generic/pgf/systemlayer/pgf.cfg
File: pgf.cfg 2025-08-29 v3.1.11a (3.1.11a)
)
Driver file for pgf: pgfsys-luatex.def
(/Users/arturobouzas/Library/TinyTeX/texmf-dist/tex/generic/pgf/systemlayer/pgfsys-luatex.def
File: pgfsys-luatex.def 2025-08-29 v3.1.11a (3.1.11a)
(/Users/arturobouzas/Library/TinyTeX/texmf-dist/tex/generic/pgf/systemlayer/pgfsys-common-pdf.def
File: pgfsys-common-pdf.def 2025-08-29 v3.1.11a (3.1.11a)
))) (/Users/arturobouzas/Library/TinyTeX/texmf-dist/tex/generic/pgf/systemlayer/pgfsyssoftpath.code.tex
File: pgfsyssoftpath.code.tex 2025-08-29 v3.1.11a (3.1.11a)
\pgfsyssoftpath@smallbuffer@items=\count330
\pgfsyssoftpath@bigbuffer@items=\count331
) (/Users/arturobouzas/Library/TinyTeX/texmf-dist/tex/generic/pgf/systemlayer/pgfsysprotocol.code.tex
File: pgfsysprotocol.code.tex 2025-08-29 v3.1.11a (3.1.11a)
)) (/Users/arturobouzas/Library/TinyTeX/texmf-dist/tex/generic/pgf/basiclayer/pgfcore.code.tex
Package: pgfcore 2025-08-29 v3.1.11a (3.1.11a)
(/Users/arturobouzas/Library/TinyTeX/texmf-dist/tex/generic/pgf/math/pgfmath.code.tex (/Users/arturobouzas/Library/TinyTeX/texmf-dist/tex/generic/pgf/math/pgfmathutil.code.tex) (/Users/arturobouzas/Library/TinyTeX/texmf-dist/tex/generic/pgf/math/pgfmathparser.code.tex
\pgfmath@dimen=\dimen194
\pgfmath@count=\count332
\pgfmath@box=\box68
\pgfmath@toks=\toks34
\pgfmath@stack@operand=\toks35
\pgfmath@stack@operation=\toks36
) (/Users/arturobouzas/Library/TinyTeX/texmf-dist/tex/generic/pgf/math/pgfmathfunctions.code.tex) (/Users/arturobouzas/Library/TinyTeX/texmf-dist/tex/generic/pgf/math/pgfmathfunctions.basic.code.tex) (/Users/arturobouzas/Library/TinyTeX/texmf-dist/tex/generic/pgf/math/pgfmathfunctions.trigonometric.code.tex) (/Users/arturobouzas/Library/TinyTeX/texmf-dist/tex/generic/pgf/math/pgfmathfunctions.random.code.tex) (/Users/arturobouzas/Library/TinyTeX/texmf-dist/tex/generic/pgf/math/pgfmathfunctions.comparison.code.tex) (/Users/arturobouzas/Library/TinyTeX/texmf-dist/tex/generic/pgf/math/pgfmathfunctions.base.code.tex) (/Users/arturobouzas/Library/TinyTeX/texmf-dist/tex/generic/pgf/math/pgfmathfunctions.round.code.tex) (/Users/arturobouzas/Library/TinyTeX/texmf-dist/tex/generic/pgf/math/pgfmathfunctions.misc.code.tex) (/Users/arturobouzas/Library/TinyTeX/texmf-dist/tex/generic/pgf/math/pgfmathfunctions.integerarithmetics.code.tex) (/Users/arturobouzas/Library/TinyTeX/texmf-dist/tex/generic/pgf/math/pgfmathcalc.code.tex) (/Users/arturobouzas/Library/TinyTeX/texmf-dist/tex/generic/pgf/math/pgfmathfloat.code.tex
\c@pgfmathroundto@lastzeros=\count333
)) (/Users/arturobouzas/Library/TinyTeX/texmf-dist/tex/generic/pgf/math/pgfint.code.tex) (/Users/arturobouzas/Library/TinyTeX/texmf-dist/tex/generic/pgf/basiclayer/pgfcorepoints.code.tex
File: pgfcorepoints.code.tex 2025-08-29 v3.1.11a (3.1.11a)
\pgf@picminx=\dimen195
\pgf@picmaxx=\dimen196
\pgf@picminy=\dimen197
\pgf@picmaxy=\dimen198
\pgf@pathminx=\dimen199
\pgf@pathmaxx=\dimen256
\pgf@pathminy=\dimen257
\pgf@pathmaxy=\dimen258
\pgf@xx=\dimen259
\pgf@xy=\dimen260
\pgf@yx=\dimen261
\pgf@yy=\dimen262
\pgf@zx=\dimen263
\pgf@zy=\dimen264
) (/Users/arturobouzas/Library/TinyTeX/texmf-dist/tex/generic/pgf/basiclayer/pgfcorepathconstruct.code.tex
File: pgfcorepathconstruct.code.tex 2025-08-29 v3.1.11a (3.1.11a)
\pgf@path@lastx=\dimen265
\pgf@path@lasty=\dimen266
) (/Users/arturobouzas/Library/TinyTeX/texmf-dist/tex/generic/pgf/basiclayer/pgfcorepathusage.code.tex
File: pgfcorepathusage.code.tex 2025-08-29 v3.1.11a (3.1.11a)
\pgf@shorten@end@additional=\dimen267
\pgf@shorten@start@additional=\dimen268
) (/Users/arturobouzas/Library/TinyTeX/texmf-dist/tex/generic/pgf/basiclayer/pgfcorescopes.code.tex
File: pgfcorescopes.code.tex 2025-08-29 v3.1.11a (3.1.11a)
\pgfpic=\box69
\pgf@hbox=\box70
\pgf@layerbox@main=\box71
\pgf@picture@serial@count=\count334
) (/Users/arturobouzas/Library/TinyTeX/texmf-dist/tex/generic/pgf/basiclayer/pgfcoregraphicstate.code.tex
File: pgfcoregraphicstate.code.tex 2025-08-29 v3.1.11a (3.1.11a)
\pgflinewidth=\dimen269
) (/Users/arturobouzas/Library/TinyTeX/texmf-dist/tex/generic/pgf/basiclayer/pgfcoretransformations.code.tex
File: pgfcoretransformations.code.tex 2025-08-29 v3.1.11a (3.1.11a)
\pgf@pt@x=\dimen270
\pgf@pt@y=\dimen271
\pgf@pt@temp=\dimen272
) (/Users/arturobouzas/Library/TinyTeX/texmf-dist/tex/generic/pgf/basiclayer/pgfcorequick.code.tex
File: pgfcorequick.code.tex 2025-08-29 v3.1.11a (3.1.11a)
) (/Users/arturobouzas/Library/TinyTeX/texmf-dist/tex/generic/pgf/basiclayer/pgfcoreobjects.code.tex
File: pgfcoreobjects.code.tex 2025-08-29 v3.1.11a (3.1.11a)
) (/Users/arturobouzas/Library/TinyTeX/texmf-dist/tex/generic/pgf/basiclayer/pgfcorepathprocessing.code.tex
File: pgfcorepathprocessing.code.tex 2025-08-29 v3.1.11a (3.1.11a)
) (/Users/arturobouzas/Library/TinyTeX/texmf-dist/tex/generic/pgf/basiclayer/pgfcorearrows.code.tex
File: pgfcorearrows.code.tex 2025-08-29 v3.1.11a (3.1.11a)
\pgfarrowsep=\dimen273
) (/Users/arturobouzas/Library/TinyTeX/texmf-dist/tex/generic/pgf/basiclayer/pgfcoreshade.code.tex
File: pgfcoreshade.code.tex 2025-08-29 v3.1.11a (3.1.11a)
\pgf@max=\dimen274
\pgf@sys@shading@range@num=\count335
\pgf@shadingcount=\count336
) (/Users/arturobouzas/Library/TinyTeX/texmf-dist/tex/generic/pgf/basiclayer/pgfcoreimage.code.tex
File: pgfcoreimage.code.tex 2025-08-29 v3.1.11a (3.1.11a)
) (/Users/arturobouzas/Library/TinyTeX/texmf-dist/tex/generic/pgf/basiclayer/pgfcoreexternal.code.tex
File: pgfcoreexternal.code.tex 2025-08-29 v3.1.11a (3.1.11a)
\pgfexternal@startupbox=\box72
) (/Users/arturobouzas/Library/TinyTeX/texmf-dist/tex/generic/pgf/basiclayer/pgfcorelayers.code.tex
File: pgfcorelayers.code.tex 2025-08-29 v3.1.11a (3.1.11a)
) (/Users/arturobouzas/Library/TinyTeX/texmf-dist/tex/generic/pgf/basiclayer/pgfcoretransparency.code.tex
File: pgfcoretransparency.code.tex 2025-08-29 v3.1.11a (3.1.11a)
) (/Users/arturobouzas/Library/TinyTeX/texmf-dist/tex/generic/pgf/basiclayer/pgfcorepatterns.code.tex
File: pgfcorepatterns.code.tex 2025-08-29 v3.1.11a (3.1.11a)
) (/Users/arturobouzas/Library/TinyTeX/texmf-dist/tex/generic/pgf/basiclayer/pgfcorerdf.code.tex
File: pgfcorerdf.code.tex 2025-08-29 v3.1.11a (3.1.11a)
))) (/Users/arturobouzas/Library/TinyTeX/texmf-dist/tex/generic/pgf/modules/pgfmoduleshapes.code.tex
File: pgfmoduleshapes.code.tex 2025-08-29 v3.1.11a (3.1.11a)
\pgfnodeparttextbox=\box73
) (/Users/arturobouzas/Library/TinyTeX/texmf-dist/tex/generic/pgf/modules/pgfmoduleplot.code.tex
File: pgfmoduleplot.code.tex 2025-08-29 v3.1.11a (3.1.11a)
) (/Users/arturobouzas/Library/TinyTeX/texmf-dist/tex/latex/pgf/compatibility/pgfcomp-version-0-65.sty
Package: pgfcomp-version-0-65 2025-08-29 v3.1.11a (3.1.11a)
\pgf@nodesepstart=\dimen275
\pgf@nodesepend=\dimen276
) (/Users/arturobouzas/Library/TinyTeX/texmf-dist/tex/latex/pgf/compatibility/pgfcomp-version-1-18.sty
Package: pgfcomp-version-1-18 2025-08-29 v3.1.11a (3.1.11a)
)) (/Users/arturobouzas/Library/TinyTeX/texmf-dist/tex/latex/pgf/utilities/pgffor.sty (/Users/arturobouzas/Library/TinyTeX/texmf-dist/tex/latex/pgf/utilities/pgfkeys.sty (/Users/arturobouzas/Library/TinyTeX/texmf-dist/tex/generic/pgf/utilities/pgfkeys.code.tex)) (/Users/arturobouzas/Library/TinyTeX/texmf-dist/tex/latex/pgf/math/pgfmath.sty (/Users/arturobouzas/Library/TinyTeX/texmf-dist/tex/generic/pgf/math/pgfmath.code.tex)) (/Users/arturobouzas/Library/TinyTeX/texmf-dist/tex/generic/pgf/utilities/pgffor.code.tex
Package: pgffor 2025-08-29 v3.1.11a (3.1.11a)
\pgffor@iter=\dimen277
\pgffor@skip=\dimen278
\pgffor@stack=\toks37
\pgffor@toks=\toks38
)) (/Users/arturobouzas/Library/TinyTeX/texmf-dist/tex/generic/pgf/frontendlayer/tikz/tikz.code.tex
Package: tikz 2025-08-29 v3.1.11a (3.1.11a)
(/Users/arturobouzas/Library/TinyTeX/texmf-dist/tex/generic/pgf/libraries/pgflibraryplothandlers.code.tex
File: pgflibraryplothandlers.code.tex 2025-08-29 v3.1.11a (3.1.11a)
\pgf@plot@mark@count=\count337
\pgfplotmarksize=\dimen279
)
\tikz@lastx=\dimen280
\tikz@lasty=\dimen281
\tikz@lastxsaved=\dimen282
\tikz@lastysaved=\dimen283
\tikz@lastmovetox=\dimen284
\tikz@lastmovetoy=\dimen285
\tikzleveldistance=\dimen286
\tikzsiblingdistance=\dimen287
\tikz@figbox=\box74
\tikz@figbox@bg=\box75
\tikz@tempbox=\box76
\tikz@tempbox@bg=\box77
\tikztreelevel=\count338
\tikznumberofchildren=\count339
\tikznumberofcurrentchild=\count340
\tikz@fig@count=\count341
(/Users/arturobouzas/Library/TinyTeX/texmf-dist/tex/generic/pgf/modules/pgfmodulematrix.code.tex
File: pgfmodulematrix.code.tex 2025-08-29 v3.1.11a (3.1.11a)
\pgfmatrixcurrentrow=\count342
\pgfmatrixcurrentcolumn=\count343
\pgf@matrix@numberofcolumns=\count344
)
\tikz@expandcount=\count345
(/Users/arturobouzas/Library/TinyTeX/texmf-dist/tex/generic/pgf/frontendlayer/tikz/libraries/tikzlibrarytopaths.code.tex
File: tikzlibrarytopaths.code.tex 2025-08-29 v3.1.11a (3.1.11a)
))) (/Users/arturobouzas/Library/TinyTeX/texmf-dist/tex/latex/tools/verbatim.sty
Package: verbatim 2024-01-22 v1.5x LaTeX2e package for verbatim enhancements
\every@verbatim=\toks39
\verbatim@line=\toks40
\verbatim@in@stream=\read3
) (/Users/arturobouzas/Library/TinyTeX/texmf-dist/tex/latex/environ/environ.sty
Package: environ 2014/05/04 v0.3 A new way to define environments
(/Users/arturobouzas/Library/TinyTeX/texmf-dist/tex/latex/trimspaces/trimspaces.sty
Package: trimspaces 2009/09/17 v1.1 Trim spaces around a token list
))
\tcb@titlebox=\box78
\tcb@upperbox=\box79
\tcb@lowerbox=\box80
\tcb@phantombox=\box81
\c@tcbbreakpart=\count346
\c@tcblayer=\count347
\c@tcolorbox@number=\count348
\l__tcobox_tmpa_box=\box82
\l__tcobox_tmpa_dim=\dimen288
\tcb@temp=\box83
\tcb@temp=\box84
\tcb@temp=\box85
\tcb@temp=\box86
(/Users/arturobouzas/Library/TinyTeX/texmf-dist/tex/latex/tcolorbox/tcbskins.code.tex
Library (tcolorbox): 'tcbskins.code.tex' version '6.9.0'
(/Users/arturobouzas/Library/TinyTeX/texmf-dist/tex/latex/tikzfill/tikzfill.image.sty
Package: tikzfill.image 2023/08/08 v1.0.1 Image filling library for TikZ
(/Users/arturobouzas/Library/TinyTeX/texmf-dist/tex/latex/tikzfill/tikzfill-common.sty
Package: tikzfill-common 2023/08/08 v1.0.1 Auxiliary code for tikzfill
) (/Users/arturobouzas/Library/TinyTeX/texmf-dist/tex/latex/tikzfill/tikzlibraryfill.image.code.tex
File: tikzlibraryfill.image.code.tex 2023/08/08 v1.0.1 Image filling library
\l__tikzfill_img_box=\box87
)) (/Users/arturobouzas/Library/TinyTeX/texmf-dist/tex/latex/tcolorbox/tcbskinsjigsaw.code.tex
Library (tcolorbox): 'tcbskinsjigsaw.code.tex' version '6.9.0'
)) (/Users/arturobouzas/Library/TinyTeX/texmf-dist/tex/latex/tcolorbox/tcbbreakable.code.tex
Library (tcolorbox): 'tcbbreakable.code.tex' version '6.9.0'
(/Users/arturobouzas/Library/TinyTeX/texmf-dist/tex/latex/pdfcol/pdfcol.sty
Package: pdfcol 2022-09-21 v1.7 Handle new color stacks for pdfTeX (HO)
(/Users/arturobouzas/Library/TinyTeX/texmf-dist/tex/generic/ltxcmds/ltxcmds.sty
Package: ltxcmds 2023-12-04 v1.26 LaTeX kernel commands for general use (HO)
) (/Users/arturobouzas/Library/TinyTeX/texmf-dist/tex/generic/infwarerr/infwarerr.sty
Package: infwarerr 2019/12/03 v1.5 Providing info/warning/error messages (HO)
))
Package pdfcol Info: New color stack `tcb@breakable' = 1 on input line 23.
\tcb@testbox=\box88
\tcb@totalupperbox=\box89
\tcb@totallowerbox=\box90
(/Users/arturobouzas/Library/TinyTeX/texmf-dist/tex/generic/iftex/ifluatex.sty
Package: ifluatex 2019/10/25 v1.5 ifluatex legacy package. Use iftex instead.
))) (/Users/arturobouzas/Library/TinyTeX/texmf-dist/tex/latex/fontawesome5/fontawesome5.sty
Package: fontawesome5 2022/05/02 v5.15.4 Font Awesome 5
(/Users/arturobouzas/Library/TinyTeX/texmf-dist/tex/latex/fontawesome5/fontawesome5-utex-helper.sty
Package: fontawesome5-utex-helper 2022/05/02 v5.15.4 uTeX helper for fontawesome5
(/Users/arturobouzas/Library/TinyTeX/texmf-dist/tex/luatex/luatexbase/luatexbase.sty
Package: luatexbase 2015/10/04 v1.3 luatexbase interface to LuaTeX 
(/Users/arturobouzas/Library/TinyTeX/texmf-dist/tex/luatex/ctablestack/ctablestack.sty
Package: ctablestack 2015/10/01 v1.0 Catcode table stable support
\@catcodetablestackcnt=\count349
)
\CatcodeTableOther=\catcodetable15
\CatcodeTableExpl=\catcodetable16
)
LaTeX Font Info:    Trying to load font information for TU+fontawesomefree on input line 69.
(/Users/arturobouzas/Library/TinyTeX/texmf-dist/tex/latex/fontawesome5/tufontawesomefree.fd)
LaTeX Font Info:    Trying to load font information for TU+fontawesomebrands on input line 70.
(/Users/arturobouzas/Library/TinyTeX/texmf-dist/tex/latex/fontawesome5/tufontawesomebrands.fd))) (/Users/arturobouzas/Library/TinyTeX/texmf-dist/tex/latex/bookmark/bookmark.sty
Package: bookmark 2023-12-10 v1.31 PDF bookmarks (HO)
(/Users/arturobouzas/Library/TinyTeX/texmf-dist/tex/latex/hyperref/hyperref.sty
Package: hyperref 2026-01-29 v7.01p Hypertext links for LaTeX
(/Users/arturobouzas/Library/TinyTeX/texmf-dist/tex/latex/kvsetkeys/kvsetkeys.sty
Package: kvsetkeys 2022-10-05 v1.19 Key value parser (HO)
) (/Users/arturobouzas/Library/TinyTeX/texmf-dist/tex/generic/kvdefinekeys/kvdefinekeys.sty
Package: kvdefinekeys 2019-12-19 v1.6 Define keys (HO)
) (/Users/arturobouzas/Library/TinyTeX/texmf-dist/tex/generic/pdfescape/pdfescape.sty
Package: pdfescape 2019/12/09 v1.15 Implements pdfTeX's escape features (HO)
(/Users/arturobouzas/Library/TinyTeX/texmf-dist/tex/generic/pdftexcmds/pdftexcmds.sty
Package: pdftexcmds 2020-06-27 v0.33 Utility functions of pdfTeX for LuaTeX (HO)
Package pdftexcmds Info: \pdf@primitive is available.
Package pdftexcmds Info: \pdf@ifprimitive is available.
Package pdftexcmds Info: \pdfdraftmode found.
\pdftexcmds@toks=\toks41
)) (/Users/arturobouzas/Library/TinyTeX/texmf-dist/tex/latex/hycolor/hycolor.sty
Package: hycolor 2020-01-27 v1.10 Color options for hyperref/bookmark (HO)
) (/Users/arturobouzas/Library/TinyTeX/texmf-dist/tex/latex/hyperref/nameref.sty
Package: nameref 2026-01-29 v2.58 Cross-referencing by name of section
(/Users/arturobouzas/Library/TinyTeX/texmf-dist/tex/latex/refcount/refcount.sty
Package: refcount 2019/12/15 v3.6 Data extraction from label references (HO)
) (/Users/arturobouzas/Library/TinyTeX/texmf-dist/tex/generic/gettitlestring/gettitlestring.sty
Package: gettitlestring 2019/12/15 v1.6 Cleanup title references (HO)
(/Users/arturobouzas/Library/TinyTeX/texmf-dist/tex/latex/kvoptions/kvoptions.sty
Package: kvoptions 2022-06-15 v3.15 Key value format for package options (HO)
))
\c@section@level=\count350
) (/Users/arturobouzas/Library/TinyTeX/texmf-dist/tex/generic/stringenc/stringenc.sty
Package: stringenc 2019/11/29 v1.12 Convert strings between diff. encodings (HO)
)
\@linkdim=\dimen289
\Hy@linkcounter=\count351
\Hy@pagecounter=\count352
(/Users/arturobouzas/Library/TinyTeX/texmf-dist/tex/latex/hyperref/pd1enc.def
File: pd1enc.def 2026-01-29 v7.01p Hyperref: PDFDocEncoding definition (HO)
) (/Users/arturobouzas/Library/TinyTeX/texmf-dist/tex/generic/intcalc/intcalc.sty
Package: intcalc 2019/12/15 v1.3 Expandable calculations with integers (HO)
)
\Hy@SavedSpaceFactor=\count353
(/Users/arturobouzas/Library/TinyTeX/texmf-dist/tex/latex/hyperref/puenc.def
File: puenc.def 2026-01-29 v7.01p Hyperref: PDF Unicode definition (HO)
)
Package hyperref Info: Option `unicode' set `true' on input line 4072.
Package hyperref Info: Hyper figures OFF on input line 4201.
Package hyperref Info: Link nesting OFF on input line 4206.
Package hyperref Info: Hyper index ON on input line 4209.
Package hyperref Info: Plain pages OFF on input line 4216.
Package hyperref Info: Backreferencing OFF on input line 4221.
Package hyperref Info: Implicit mode ON; LaTeX internals redefined.
Package hyperref Info: Bookmarks ON on input line 4468.
\c@Hy@tempcnt=\count354
(/Users/arturobouzas/Library/TinyTeX/texmf-dist/tex/latex/url/url.sty
\Urlmuskip=\muskip19
Package: url 2013/09/16  ver 3.4  Verb mode for urls, etc.
)
LaTeX Info: Redefining \url on input line 4807.
\XeTeXLinkMargin=\dimen290
(/Users/arturobouzas/Library/TinyTeX/texmf-dist/tex/generic/bitset/bitset.sty
Package: bitset 2019/12/09 v1.3 Handle bit-vector datatype (HO)
(/Users/arturobouzas/Library/TinyTeX/texmf-dist/tex/generic/bigintcalc/bigintcalc.sty
Package: bigintcalc 2019/12/15 v1.5 Expandable calculations on big integers (HO)
))
\Fld@menulength=\count355
\Field@Width=\dimen291
\Fld@charsize=\dimen292
Package hyperref Info: Hyper figures OFF on input line 6084.
Package hyperref Info: Link nesting OFF on input line 6089.
Package hyperref Info: Hyper index ON on input line 6092.
Package hyperref Info: backreferencing OFF on input line 6099.
Package hyperref Info: Link coloring OFF on input line 6104.
Package hyperref Info: Link coloring with OCG OFF on input line 6109.
Package hyperref Info: PDF/A mode OFF on input line 6114.
\Hy@abspage=\count356
\c@Item=\count357
\c@Hfootnote=\count358
)
Package hyperref Info: Driver (autodetected): hluatex.
(/Users/arturobouzas/Library/TinyTeX/texmf-dist/tex/latex/hyperref/hluatex.def
File: hluatex.def 2026-01-29 v7.01p Hyperref driver for luaTeX
\Fld@listcount=\count359
\c@bookmark@seq@number=\count360
(/Users/arturobouzas/Library/TinyTeX/texmf-dist/tex/latex/rerunfilecheck/rerunfilecheck.sty
Package: rerunfilecheck 2025-06-21 v1.11 Rerun checks for auxiliary files (HO)
(/Users/arturobouzas/Library/TinyTeX/texmf-dist/tex/generic/uniquecounter/uniquecounter.sty
Package: uniquecounter 2019/12/15 v1.4 Provide unlimited unique counter (HO)
)
Package uniquecounter Info: New unique counter `rerunfilecheck' on input line 284.
)
\Hy@SectionHShift=\skip79
) (/Users/arturobouzas/Library/TinyTeX/texmf-dist/tex/latex/bookmark/bkm-pdftex.def
File: bkm-pdftex.def 2023-12-10 v1.31 bookmark driver for pdfTeX and luaTeX (HO)
\BKM@id=\count361
)) (/Users/arturobouzas/Library/TinyTeX/texmf-dist/tex/latex/caption/caption.sty
Package: caption 2023/08/05 v3.6o Customizing captions (AR)

Package tocbasic Info: Loading of class-dependent code for package caption3
(tocbasic)             prevented on line 50.

(/Users/arturobouzas/Library/TinyTeX/texmf-dist/tex/latex/caption/caption3.sty
Package: caption3 2023/07/31 v2.4d caption3 kernel (AR)
\caption@tempdima=\dimen293
\captionmargin=\dimen294
\caption@leftmargin=\dimen295
\caption@rightmargin=\dimen296
\caption@width=\dimen297
\caption@indent=\dimen298
\caption@parindent=\dimen299
\caption@hangindent=\dimen300
)
\c@caption@flags=\count362
\c@continuedfloat=\count363
Package caption Info: hyperref package is loaded.
Package caption Info: longtable package is loaded.
(/Users/arturobouzas/Library/TinyTeX/texmf-dist/tex/latex/caption/ltcaption.sty
Package: ltcaption 2021/01/08 v1.4c longtable captions (AR)
)) (/Users/arturobouzas/Library/TinyTeX/texmf-dist/tex/latex/float/float.sty
Package: float 2001/11/08 v1.3d Float enhancements (AL)
\c@float@type=\count364
\float@exts=\toks42
\float@box=\box91
\@float@everytoks=\toks43
\@floatcapt=\box92
)
\@float@every@codelisting=\toks44
\c@codelisting=\count365
(/Users/arturobouzas/Library/TinyTeX/texmf-dist/tex/latex/caption/subcaption.sty
Package: subcaption 2023/07/28 v1.6b Sub-captions (AR)
Package caption Info: New subtype `subfigure' on input line 238.
\c@subfigure=\count366
Package caption Info: New subtype `subtable' on input line 238.
\c@subtable=\count367
)
Package hyperref Info: Option `colorlinks' set `true' on input line 181.
No file index.aux.

\openout1 = index.aux
LaTeX Font Info:    Checking defaults for OML/cmm/m/it on input line 187.
LaTeX Font Info:    ... okay on input line 187.
LaTeX Font Info:    Checking defaults for OMS/cmsy/m/n on input line 187.
LaTeX Font Info:    ... okay on input line 187.
LaTeX Font Info:    Checking defaults for OT1/cmr/m/n on input line 187.
LaTeX Font Info:    ... okay on input line 187.
LaTeX Font Info:    Checking defaults for T1/cmr/m/n on input line 187.
LaTeX Font Info:    ... okay on input line 187.
LaTeX Font Info:    Checking defaults for TS1/cmr/m/n on input line 187.
LaTeX Font Info:    ... okay on input line 187.
LaTeX Font Info:    Checking defaults for TU/lmr/m/n on input line 187.
LaTeX Font Info:    ... okay on input line 187.
LaTeX Font Info:    Checking defaults for OMX/cmex/m/n on input line 187.
LaTeX Font Info:    ... okay on input line 187.
LaTeX Font Info:    Checking defaults for U/cmr/m/n on input line 187.
LaTeX Font Info:    ... okay on input line 187.
LaTeX Font Info:    Checking defaults for PD1/pdf/m/n on input line 187.
LaTeX Font Info:    ... okay on input line 187.
LaTeX Font Info:    Checking defaults for PU/pdf/m/n on input line 187.
LaTeX Font Info:    ... okay on input line 187.
Package scrbase Info: activating english \abstractname on input line 187.
Package scrbase Info: activating english \partname on input line 187.
Package scrbase Info: activating english \chaptername on input line 187.
Package scrbase Info: activating english \appendixname on input line 187.
Package scrbase Info: activating english \figurename on input line 187.
Package scrbase Info: activating english \tablename on input line 187.
Package scrbase Info: activating english \contentsname on input line 187.
Package scrbase Info: activating english \listfigurename on input line 187.
Package scrbase Info: activating english \listtablename on input line 187.
Package scrbase Info: activating english \bibname on input line 187.
Package scrbase Info: activating english \indexname on input line 187.
(/Users/arturobouzas/Library/TinyTeX/texmf-dist/tex/latex/epstopdf-pkg/epstopdf-base.sty
Package: epstopdf-base 2020-01-24 v2.11 Base part for package epstopdf
Package epstopdf-base Info: Redefining graphics rule for `.eps' on input line 485.
(/Users/arturobouzas/Library/TinyTeX/texmf-dist/tex/latex/latexconfig/epstopdf-sys.cfg
File: epstopdf-sys.cfg 2010/07/13 v1.3 Configuration of (r)epstopdf for TeX Live
))
LaTeX Font Info:    Overwriting math alphabet `\mathrm' in version `normal'
(Font)                  OT1/lmr/m/n --> TU/lmr/m/n on input line 187.
LaTeX Font Info:    Overwriting math alphabet `\mathit' in version `normal'
(Font)                  OT1/lmr/m/it --> TU/lmr/m/it on input line 187.
LaTeX Font Info:    Overwriting math alphabet `\mathbf' in version `normal'
(Font)                  OT1/lmr/bx/n --> TU/lmr/bx/n on input line 187.
LaTeX Font Info:    Overwriting math alphabet `\mathsf' in version `normal'
(Font)                  OT1/lmss/m/n --> TU/lmss/m/n on input line 187.
LaTeX Font Info:    Overwriting math alphabet `\mathsf' in version `bold'
(Font)                  OT1/lmss/bx/n --> TU/lmss/bx/n on input line 187.
LaTeX Font Info:    Overwriting math alphabet `\mathtt' in version `normal'
(Font)                  OT1/lmtt/m/n --> TU/lmtt/m/n on input line 187.
LaTeX Font Info:    Overwriting math alphabet `\mathtt' in version `bold'
(Font)                  OT1/lmtt/m/n --> TU/lmtt/bx/n on input line 187.

Package fontspec Info: 
(fontspec)             latinmodern-math scale = 0.9999967668407183.


Package fontspec Info: 
(fontspec)             latinmodern-math scale = 0.9999967668407183.


Package fontspec Info: 
(fontspec)             latinmodern-math scale = 0.9999967668407183.


Package fontspec Info: 
(fontspec)             Font family 'latinmodern-math.otf(0)' created for font
(fontspec)             'latinmodern-math.otf' with options
(fontspec)             [Scale=MatchLowercase,Renderer=Basic,BoldItalicFont={},ItalicFont={},SmallCapsFont={},Script=Math,RawFeature={mathfontdimen=xetex},BoldFont={latinmodern-math.otf}].
(fontspec)              
(fontspec)              This font family consists of the following NFSS
(fontspec)             series/shapes:
(fontspec)              
(fontspec)             - 'normal' (m/n) with NFSS spec.:
(fontspec)             <->s*[0.9999967668407183]"[latinmodern-math.otf]:mode=base;script=math;language=dflt;mathfontdimen=xetex;"
(fontspec)             - 'bold' (b/n) with NFSS spec.:
(fontspec)             <->s*[0.9999967668407183]"[latinmodern-math.otf]:mode=base;script=math;language=dflt;mathfontdimen=xetex;"

LaTeX Font Info:    Font shape `TU/latinmodern-math.otf(0)/m/n' will be
(Font)              scaled to size 10.95pt on input line 187.

Package fontspec Info: 
(fontspec)             latinmodern-math scale = 0.9999967668407183.


Package fontspec Info: 
(fontspec)             latinmodern-math scale = 0.9999967668407183.


Package fontspec Info: 
(fontspec)             latinmodern-math scale = 0.9999967668407183.


Package fontspec Info: 
(fontspec)             latinmodern-math scale = 0.9999967668407183.


Package fontspec Info: 
(fontspec)             latinmodern-math scale = 0.9999967668407183.


Package fontspec Info: 
(fontspec)             Font family 'latinmodern-math.otf(1)' created for font
(fontspec)             'latinmodern-math.otf' with options
(fontspec)             [Scale=MatchLowercase,Renderer=Basic,BoldItalicFont={},ItalicFont={},SmallCapsFont={},Script=Math,SizeFeatures={{Size=9.3075-},{Size=6.57-9.3075,Font=latinmodern-math.otf,Style=MathScript},{Size=-6.57,Font=latinmodern-math.otf,Style=MathScriptScript}},RawFeature={mathfontdimen=xetex},BoldFont={latinmodern-math.otf}].
(fontspec)              
(fontspec)              This font family consists of the following NFSS
(fontspec)             series/shapes:
(fontspec)              
(fontspec)             - 'normal' (m/n) with NFSS spec.:
(fontspec)             <9.3075->s*[0.9999967668407183]"[latinmodern-math.otf]:mode=base;script=math;language=dflt;mathfontdimen=xetex;"<6.57-9.3075>s*[0.9999967668407183]"[latinmodern-math.otf]:mode=base;script=math;language=dflt;mathfontdimen=xetex;+ssty=0;"<-6.57>s*[0.9999967668407183]"[latinmodern-math.otf]:mode=base;script=math;language=dflt;mathfontdimen=xetex;+ssty=1;"
(fontspec)             - 'bold' (b/n) with NFSS spec.:
(fontspec)             <->s*[0.9999967668407183]"[latinmodern-math.otf]:mode=base;script=math;language=dflt;mathfontdimen=xetex;"

LaTeX Font Info:    Font shape `TU/latinmodern-math.otf(1)/m/n' will be
(Font)              scaled to size 10.95pt on input line 187.
LaTeX Font Info:    Encoding `OT1' has changed to `TU' for symbol font
(Font)              `operators' in the math version `normal' on input line 187.
LaTeX Font Info:    Overwriting symbol font `operators' in version `normal'
(Font)                  OT1/lmr/m/n --> TU/latinmodern-math.otf(1)/m/n on input line 187.
LaTeX Font Info:    Encoding `OT1' has changed to `TU' for symbol font
(Font)              `operators' in the math version `bold' on input line 187.
LaTeX Font Info:    Overwriting symbol font `operators' in version `bold'
(Font)                  OT1/lmr/bx/n --> TU/latinmodern-math.otf(1)/b/n on input line 187.

Package fontspec Info: 
(fontspec)             latinmodern-math scale = 0.9999967668407183.


Package fontspec Info: 
(fontspec)             latinmodern-math scale = 0.9999967668407183.


Package fontspec Info: 
(fontspec)             latinmodern-math scale = 0.9999967668407183.


Package fontspec Info: 
(fontspec)             latinmodern-math scale = 0.9999967668407183.


Package fontspec Info: 
(fontspec)             latinmodern-math scale = 0.9999967668407183.


Package fontspec Info: 
(fontspec)             Font family 'latinmodern-math.otf(2)' created for font
(fontspec)             'latinmodern-math.otf' with options
(fontspec)             [Scale=MatchLowercase,Renderer=Basic,BoldItalicFont={},ItalicFont={},SmallCapsFont={},Script=Math,SizeFeatures={{Size=9.3075-},{Size=6.57-9.3075,Font=latinmodern-math.otf,Style=MathScript},{Size=-6.57,Font=latinmodern-math.otf,Style=MathScriptScript}},RawFeature={mathfontdimen=xetex},BoldFont={latinmodern-math.otf},RawFeature={mathfontdimen=tex2}].
(fontspec)              
(fontspec)              This font family consists of the following NFSS
(fontspec)             series/shapes:
(fontspec)              
(fontspec)             - 'normal' (m/n) with NFSS spec.:
(fontspec)             <9.3075->s*[0.9999967668407183]"[latinmodern-math.otf]:mode=base;script=math;language=dflt;mathfontdimen=xetex;mathfontdimen=tex2;"<6.57-9.3075>s*[0.9999967668407183]"[latinmodern-math.otf]:mode=base;script=math;language=dflt;mathfontdimen=xetex;mathfontdimen=tex2;+ssty=0;"<-6.57>s*[0.9999967668407183]"[latinmodern-math.otf]:mode=base;script=math;language=dflt;mathfontdimen=xetex;mathfontdimen=tex2;+ssty=1;"
(fontspec)             - 'bold' (b/n) with NFSS spec.:
(fontspec)             <->s*[0.9999967668407183]"[latinmodern-math.otf]:mode=base;script=math;language=dflt;mathfontdimen=xetex;mathfontdimen=tex2;"

LaTeX Font Info:    Encoding `OMS' has changed to `TU' for symbol font
(Font)              `symbols' in the math version `normal' on input line 187.
LaTeX Font Info:    Overwriting symbol font `symbols' in version `normal'
(Font)                  OMS/lmsy/m/n --> TU/latinmodern-math.otf(2)/m/n on input line 187.
LaTeX Font Info:    Encoding `OMS' has changed to `TU' for symbol font
(Font)              `symbols' in the math version `bold' on input line 187.
LaTeX Font Info:    Overwriting symbol font `symbols' in version `bold'
(Font)                  OMS/lmsy/b/n --> TU/latinmodern-math.otf(2)/b/n on input line 187.

Package fontspec Info: 
(fontspec)             latinmodern-math scale = 0.9999967668407183.


Package fontspec Info: 
(fontspec)             latinmodern-math scale = 0.9999967668407183.


Package fontspec Info: 
(fontspec)             latinmodern-math scale = 0.9999967668407183.


Package fontspec Info: 
(fontspec)             latinmodern-math scale = 0.9999967668407183.


Package fontspec Info: 
(fontspec)             latinmodern-math scale = 0.9999967668407183.


Package fontspec Info: 
(fontspec)             Font family 'latinmodern-math.otf(3)' created for font
(fontspec)             'latinmodern-math.otf' with options
(fontspec)             [Scale=MatchLowercase,Renderer=Basic,BoldItalicFont={},ItalicFont={},SmallCapsFont={},Script=Math,SizeFeatures={{Size=9.3075-},{Size=6.57-9.3075,Font=latinmodern-math.otf,Style=MathScript},{Size=-6.57,Font=latinmodern-math.otf,Style=MathScriptScript}},RawFeature={mathfontdimen=xetex},BoldFont={latinmodern-math.otf},RawFeature={mathfontdimen=tex3}].
(fontspec)              
(fontspec)              This font family consists of the following NFSS
(fontspec)             series/shapes:
(fontspec)              
(fontspec)             - 'normal' (m/n) with NFSS spec.:
(fontspec)             <9.3075->s*[0.9999967668407183]"[latinmodern-math.otf]:mode=base;script=math;language=dflt;mathfontdimen=xetex;mathfontdimen=tex3;"<6.57-9.3075>s*[0.9999967668407183]"[latinmodern-math.otf]:mode=base;script=math;language=dflt;mathfontdimen=xetex;mathfontdimen=tex3;+ssty=0;"<-6.57>s*[0.9999967668407183]"[latinmodern-math.otf]:mode=base;script=math;language=dflt;mathfontdimen=xetex;mathfontdimen=tex3;+ssty=1;"
(fontspec)             - 'bold' (b/n) with NFSS spec.:
(fontspec)             <->s*[0.9999967668407183]"[latinmodern-math.otf]:mode=base;script=math;language=dflt;mathfontdimen=xetex;mathfontdimen=tex3;"

LaTeX Font Info:    Encoding `OMX' has changed to `TU' for symbol font
(Font)              `largesymbols' in the math version `normal' on input line 187.
LaTeX Font Info:    Overwriting symbol font `largesymbols' in version `normal'
(Font)                  OMX/lmex/m/n --> TU/latinmodern-math.otf(3)/m/n on input line 187.
LaTeX Font Info:    Encoding `OMX' has changed to `TU' for symbol font
(Font)              `largesymbols' in the math version `bold' on input line 187.
LaTeX Font Info:    Overwriting symbol font `largesymbols' in version `bold'
(Font)                  OMX/lmex/m/n --> TU/latinmodern-math.otf(3)/b/n on input line 187.
LaTeX Font Info:    Font shape `TU/latinmodern-math.otf(1)/m/n' will be
(Font)              scaled to size 7.665pt on input line 187.
LaTeX Font Info:    Font shape `TU/latinmodern-math.otf(1)/m/n' will be
(Font)              scaled to size 5.475pt on input line 187.
LaTeX Font Info:    Trying to load font information for OML+lmm on input line 187.
(/Users/arturobouzas/Library/TinyTeX/texmf-dist/tex/latex/lm/omllmm.fd
File: omllmm.fd 2015/05/01 v1.6.1 Font defs for Latin Modern
)
LaTeX Font Info:    Font shape `TU/latinmodern-math.otf(2)/m/n' will be
(Font)              scaled to size 10.95pt on input line 187.
LaTeX Font Info:    Font shape `TU/latinmodern-math.otf(2)/m/n' will be
(Font)              scaled to size 7.665pt on input line 187.
LaTeX Font Info:    Font shape `TU/latinmodern-math.otf(2)/m/n' will be
(Font)              scaled to size 5.475pt on input line 187.
LaTeX Font Info:    Font shape `TU/latinmodern-math.otf(3)/m/n' will be
(Font)              scaled to size 10.95pt on input line 187.
LaTeX Font Info:    Font shape `TU/latinmodern-math.otf(3)/m/n' will be
(Font)              scaled to size 7.665pt on input line 187.
LaTeX Font Info:    Font shape `TU/latinmodern-math.otf(3)/m/n' will be
(Font)              scaled to size 5.475pt on input line 187.
LaTeX Font Info:    Trying to load font information for U+msa on input line 187.
(/Users/arturobouzas/Library/TinyTeX/texmf-dist/tex/latex/amsfonts/umsa.fd
File: umsa.fd 2013/01/14 v3.01 AMS symbols A
)
LaTeX Font Info:    Trying to load font information for U+msb on input line 187.
(/Users/arturobouzas/Library/TinyTeX/texmf-dist/tex/latex/amsfonts/umsb.fd
File: umsb.fd 2013/01/14 v3.01 AMS symbols B
)
LaTeX Info: Redefining \microtypecontext on input line 187.
Package microtype Info: Applying patch `item' on input line 187.
Package microtype Info: Applying patch `toc' on input line 187.
Package microtype Info: Applying patch `eqnum' on input line 187.

Package microtype Warning: Unable to apply patch `footnote' on input line 187.

Package microtype Info: Applying patch `verbatim' on input line 187.
LaTeX Info: Redefining \microtypesetup on input line 187.
Package microtype Info: Generating PDF output.
Package microtype Info: Character protrusion enabled (level 2).
Package microtype Info: Using protrusion set `basicmath'.
Package microtype Info: Automatic font expansion enabled (level 2),
(microtype)             stretch: 20, shrink: 20, step: 1, non-selected.
Package microtype Info: Using default expansion set `alltext-nott'.
Package microtype Info: Patching command `\showhyphens'.
Package microtype Info: No adjustment of tracking.
Package microtype Info: No adjustment of spacing.
Package microtype Info: No adjustment of kerning.
(/Users/arturobouzas/Library/TinyTeX/texmf-dist/tex/latex/microtype/mt-LatinModernRoman.cfg
File: mt-LatinModernRoman.cfg 2021/02/21 v1.1 microtype config. file: Latin Modern Roman (RS)
)
Package hyperref Info: Link coloring ON on input line 187.
Package caption Info: Begin \AtBeginDocument code.
Package caption Info: float package is loaded.
Package caption Info: End \AtBeginDocument code.
\g__cctab_next_cctab=\catcodetable17
Package microtype Info: Loading generic protrusion settings for font family
(microtype)             `lmss' (encoding: TU).
(microtype)             For optimal results, create family-specific settings.
(microtype)             See the microtype manual for details.
LaTeX Font Info:    Font shape `TU/latinmodern-math.otf(1)/m/n' will be
(Font)              scaled to size 14.4pt on input line 189.
LaTeX Font Info:    Font shape `TU/latinmodern-math.otf(1)/m/n' will be
(Font)              scaled to size 10.0pt on input line 189.
LaTeX Font Info:    Font shape `TU/latinmodern-math.otf(1)/m/n' will be
(Font)              scaled to size 7.0pt on input line 189.
LaTeX Font Info:    Font shape `TU/latinmodern-math.otf(2)/m/n' will be
(Font)              scaled to size 14.4pt on input line 189.
LaTeX Font Info:    Font shape `TU/latinmodern-math.otf(2)/m/n' will be
(Font)              scaled to size 10.0pt on input line 189.
LaTeX Font Info:    Font shape `TU/latinmodern-math.otf(2)/m/n' will be
(Font)              scaled to size 7.0pt on input line 189.
LaTeX Font Info:    Font shape `TU/latinmodern-math.otf(3)/m/n' will be
(Font)              scaled to size 14.4pt on input line 189.
LaTeX Font Info:    Font shape `TU/latinmodern-math.otf(3)/m/n' will be
(Font)              scaled to size 10.0pt on input line 189.
LaTeX Font Info:    Font shape `TU/latinmodern-math.otf(3)/m/n' will be
(Font)              scaled to size 7.0pt on input line 189.
(/Users/arturobouzas/Library/TinyTeX/texmf-dist/tex/latex/microtype/mt-msa.cfg
File: mt-msa.cfg 2006/02/04 v1.1 microtype config. file: AMS symbols (a) (RS)
) (/Users/arturobouzas/Library/TinyTeX/texmf-dist/tex/latex/microtype/mt-msb.cfg
File: mt-msb.cfg 2005/06/01 v1.0 microtype config. file: AMS symbols (b) (RS)
) [1



{/Users/arturobouzas/Library/TinyTeX/texmf-var/fonts/map/pdftex/updmap/pdftex.map}]
Package tocbasic Info: character protrusion at toc deactivated on input line 194.
No file index.toc.
\tf@toc=\write4

\openout4 = index.toc
[2

]
chapter 1.
[3

] [4

]
chapter 2.
[5

] [6] [7] [8]
chapter 3.
[9

] [10] [11] [12] [13]
Missing character: There is no α (U+03B1) in font [lmroman10-regular]:+tlig;!
Missing character: There is no α (U+03B1) in font [lmroman10-regular]:+tlig;!
Missing character: There is no α (U+03B1) in font [lmroman10-regular]:+tlig;!
Missing character: There is no α (U+03B1) in font [lmroman10-regular]:+tlig;!
Missing character: There is no α (U+03B1) in font [lmroman10-regular]:+tlig;!
Missing character: There is no α (U+03B1) in font [lmroman10-regular]:+tlig;!
Missing character: There is no α (U+03B1) in font [lmroman10-regular]:+tlig;!
Missing character: There is no α (U+03B1) in font [lmroman10-regular]:+tlig;!
Missing character: There is no α (U+03B1) in font [lmroman10-regular]:+tlig;!
Missing character: There is no α (U+03B1) in font [lmroman10-regular]:+tlig;!
Missing character: There is no α (U+03B1) in font [lmroman10-regular]:+tlig;!
Missing character: There is no α (U+03B1) in font [lmroman10-regular]:+tlig;!
Missing character: There is no α (U+03B1) in font [lmroman10-regular]:+tlig;!
Missing character: There is no α (U+03B1) in font [lmroman10-regular]:+tlig;!
Missing character: There is no α (U+03B1) in font [lmroman10-regular]:+tlig;!
[14
Missing character: There is no α (U+03B1) in font [lmroman10-regular]:+tlig;!
Missing character: There is no α (U+03B1) in font [lmroman10-regular]:+tlig;!
Missing character: There is no α (U+03B1) in font [lmroman10-regular]:+tlig;!
Missing character: There is no α (U+03B1) in font [lmroman10-regular]:+tlig;!
Missing character: There is no α (U+03B1) in font [lmroman10-regular]:+tlig;!
]
Missing character: There is no α (U+03B1) in font [lmroman10-regular]:+tlig;!
Missing character: There is no α (U+03B1) in font [lmroman10-regular]:+tlig;!
Missing character: There is no α (U+03B1) in font [lmroman10-regular]:+tlig;!
Missing character: There is no α (U+03B1) in font [lmroman10-regular]:+tlig;!
Missing character: There is no α (U+03B1) in font [lmroman10-regular]:+tlig;!
Missing character: There is no α (U+03B1) in font [lmroman10-regular]:+tlig;!
[15
Missing character: There is no α (U+03B1) in font [lmroman10-regular]:+tlig;!
Missing character: There is no α (U+03B1) in font [lmroman10-regular]:+tlig;!
]
Missing character: There is no α (U+03B1) in font [lmroman10-regular]:+tlig;!
Missing character: There is no α (U+03B1) in font [lmroman10-regular]:+tlig;!
Missing character: There is no α (U+03B1) in font [lmroman10-regular]:+tlig;!
Missing character: There is no α (U+03B1) in font [lmroman10-regular]:+tlig;!
Missing character: There is no α (U+03B1) in font [lmroman10-regular]:+tlig;!
Missing character: There is no α (U+03B1) in font [lmroman10-regular]:+tlig;!
[16
Missing character: There is no α (U+03B1) in font [lmroman10-regular]:+tlig;!
Missing character: There is no α (U+03B1) in font [lmroman10-regular]:+tlig;!
] [17]
chapter 4.
[18

] [19]
Missing character: There is no ⟨ (U+27E8) in font [lmroman10-regular]:+tlig;!
Missing character: There is no ⟩ (U+27E9) in font [lmroman10-regular]:+tlig;!
Missing character: There is no ⟨ (U+27E8) in font [lmroman10-regular]:+tlig;!
Missing character: There is no ⟩ (U+27E9) in font [lmroman10-regular]:+tlig;!
Missing character: There is no ⟨ (U+27E8) in font [lmroman10-regular]:+tlig;!
Missing character: There is no ⟩ (U+27E9) in font [lmroman10-regular]:+tlig;!
Missing character: There is no ⟨ (U+27E8) in font [lmroman10-regular]:+tlig;!
Missing character: There is no ⟩ (U+27E9) in font [lmroman10-regular]:+tlig;!
Missing character: There is no ⟨ (U+27E8) in font [lmroman10-regular]:+tlig;!
Missing character: There is no ⟩ (U+27E9) in font [lmroman10-regular]:+tlig;!
Missing character: There is no ⟨ (U+27E8) in font [lmroman10-regular]:+tlig;!
Missing character: There is no ⟩ (U+27E9) in font [lmroman10-regular]:+tlig;!
[20
Missing character: There is no ⟨ (U+27E8) in font [lmroman10-regular]:+tlig;!
Missing character: There is no ⟩ (U+27E9) in font [lmroman10-regular]:+tlig;!
Missing character: There is no ⟨ (U+27E8) in font [lmroman10-regular]:+tlig;!
Missing character: There is no ⟩ (U+27E9) in font [lmroman10-regular]:+tlig;!
] [21] [22] [23] [24] [25]
chapter 5.
[26

] [27] [28] [29] [30] [31] [32] [33] [34] [35] [36] [37]
chapter 6.
[38

] [39]
chapter 7.
[40

] [41] [42] [43] [44] [45]
chapter 8.
[46

] [47]
chapter 9.
[48

]

LaTeX Warning: Reference `fig-pipeta-capilar' on page 49 undefined on input line 2347.

<Figuras/fig4_1_pipeta_capilar.png, id=323, 1907.125pt x 1192.455pt>
File: Figuras/fig4_1_pipeta_capilar.png Graphic file (type png)
<use Figuras/fig4_1_pipeta_capilar.png>
Package luatex.def Info: Figuras/fig4_1_pipeta_capilar.png  used on input line 2354.
(luatex.def)             Requested size: 564.60493pt x 353.02666pt.

Overfull \hbox (117.8449pt too wide) in paragraph at lines 2354--2355
 [][] 
 []


LaTeX Warning: Reference `fig-modos_locomocion' on page 49 undefined on input line 2369.

<Figuras/fig4_2_modos_locomocion.png, id=324, 1907.125pt x 965.6075pt>
File: Figuras/fig4_2_modos_locomocion.png Graphic file (type png)
<use Figuras/fig4_2_modos_locomocion.png>
Package luatex.def Info: Figuras/fig4_2_modos_locomocion.png  used on input line 2378.
(luatex.def)             Requested size: 564.60493pt x 285.8684pt.

Overfull \hbox (117.8449pt too wide) in paragraph at lines 2378--2379
 [][] 
 []

[49] [50<./Figuras/fig4_1_pipeta_capilar.png>] [51<./Figuras/fig4_2_modos_locomocion.png>]

LaTeX Warning: Reference `fig-respuesta_atrayente' on page 52 undefined on input line 2432.

<Figuras/fig4_3_respuesta_atrayente.png, id=345, 1882.03125pt x 1254.6875pt>
File: Figuras/fig4_3_respuesta_atrayente.png Graphic file (type png)
<use Figuras/fig4_3_respuesta_atrayente.png>
Package luatex.def Info: Figuras/fig4_3_respuesta_atrayente.png  used on input line 2444.
(luatex.def)             Requested size: 564.61374pt x 376.40915pt.

Overfull \hbox (117.8537pt too wide) in paragraph at lines 2444--2445
 [][] 
 []

[52] [53<./Figuras/fig4_3_respuesta_atrayente.png>] [54] [55] [56] (/Users/arturobouzas/Library/TinyTeX/texmf-dist/tex/latex/microtype/mt-TU-empty.cfg
File: mt-TU-empty.cfg 2021/06/22 v1.1 microtype config. file: fonts with nonstandard glyph set (RS)
)
Missing character: There is no 🕹 (U+1F579) in font [lmroman10-regular]:+tlig;!
Missing character: There is no 🕹 (U+1F579) in font [lmroman10-regular]:+tlig;!
[57
Missing character: There is no 🕹 (U+1F579) in font [lmroman10-regular]:+tlig;!
] [58] [59]
chapter 10.

Package longtable Warning: Column widths have changed
(longtable)                in table 10.1 on input line 2795.

ignored error Infinite glue shrinkage found in box being split [60

] [61]
chapter 11.
[62

]
<Figuras/fig7_2_ojo_cubierto.png, id=413, 2007.5pt x 1053.9375pt>
File: Figuras/fig7_2_ojo_cubierto.png Graphic file (type png)
<use Figuras/fig7_2_ojo_cubierto.png>
Package luatex.def Info: Figuras/fig7_2_ojo_cubierto.png  used on input line 2893.
(luatex.def)             Requested size: 564.608pt x 296.41919pt.

Overfull \hbox (117.84796pt too wide) in paragraph at lines 2893--2894
 [][] 
 []

<Figuras/fig7_3_dos_fuentes.png, id=414, 2007.5pt x 953.5625pt>
File: Figuras/fig7_3_dos_fuentes.png Graphic file (type png)
<use Figuras/fig7_3_dos_fuentes.png>
Package luatex.def Info: Figuras/fig7_3_dos_fuentes.png  used on input line 2923.
(luatex.def)             Requested size: 564.608pt x 268.1888pt.

Overfull \hbox (117.84796pt too wide) in paragraph at lines 2923--2924
 [][] 
 []

[63] [64<./Figuras/fig7_2_ojo_cubierto.png>] [65<./Figuras/fig7_3_dos_fuentes.png>]
<Figuras/fig7_5_retroalimentacion.png, id=430, 2057.6875pt x 1053.9375pt>
File: Figuras/fig7_5_retroalimentacion.png Graphic file (type png)
<use Figuras/fig7_5_retroalimentacion.png>
Package luatex.def Info: Figuras/fig7_5_retroalimentacion.png  used on input line 2994.
(luatex.def)             Requested size: 2057.6825pt x 1053.93494pt.
[66] [67<./Figuras/fig7_5_retroalimentacion.png>]
Missing character: There is no ω (U+03C9) in font [lmroman10-regular]:+tlig;!
Missing character: There is no ω (U+03C9) in font [lmroman10-regular]:+tlig;!
Missing character: There is no ω (U+03C9) in font [lmroman10-regular]:+tlig;!
Missing character: There is no ω (U+03C9) in font [lmroman10-regular]:+tlig;!
Missing character: There is no ω (U+03C9) in font [lmroman10-regular]:+tlig;!
Missing character: There is no ω (U+03C9) in font [lmroman10-regular]:+tlig;!
Missing character: There is no ω (U+03C9) in font [lmroman10-regular]:+tlig;!
Missing character: There is no ω (U+03C9) in font [lmroman10-regular]:+tlig;!
Missing character: There is no ω (U+03C9) in font [lmroman10-regular]:+tlig;!
Missing character: There is no θ (U+03B8) in font [lmroman10-regular]:+tlig;!
Missing character: There is no θ (U+03B8) in font [lmroman10-regular]:+tlig;!
Missing character: There is no θ (U+03B8) in font [lmroman10-regular]:+tlig;!
Missing character: There is no θ (U+03B8) in font [lmroman10-regular]:+tlig;!
Missing character: There is no θ (U+03B8) in font [lmroman10-regular]:+tlig;!
Missing character: There is no θ (U+03B8) in font [lmroman10-regular]:+tlig;!
Missing character: There is no θ (U+03B8) in font [lmroman10-regular]:+tlig;!
Missing character: There is no θ (U+03B8) in font [lmroman10-regular]:+tlig;!
Missing character: There is no θ (U+03B8) in font [lmroman10-regular]:+tlig;!
Missing character: There is no θ (U+03B8) in font [lmroman10-regular]:+tlig;!
Missing character: There is no θ (U+03B8) in font [lmroman10-regular]:+tlig;!
Missing character: There is no θ (U+03B8) in font [lmroman10-regular]:+tlig;!
[68
Missing character: There is no ω (U+03C9) in font [lmroman10-regular]:+tlig;!
Missing character: There is no ω (U+03C9) in font [lmroman10-regular]:+tlig;!
Missing character: There is no ω (U+03C9) in font [lmroman10-regular]:+tlig;!
Missing character: There is no θ (U+03B8) in font [lmroman10-regular]:+tlig;!
Missing character: There is no θ (U+03B8) in font [lmroman10-regular]:+tlig;!
Missing character: There is no θ (U+03B8) in font [lmroman10-regular]:+tlig;!
Missing character: There is no θ (U+03B8) in font [lmroman10-regular]:+tlig;!
]
<Figuras/fig7_6_mariposa.png, id=446, 2057.6875pt x 1129.21875pt>
File: Figuras/fig7_6_mariposa.png Graphic file (type png)
<use Figuras/fig7_6_mariposa.png>
Package luatex.def Info: Figuras/fig7_6_mariposa.png  used on input line 3102.
(luatex.def)             Requested size: 564.59421pt x 309.83829pt.

Overfull \hbox (117.83417pt too wide) in paragraph at lines 3102--3103
 [][] 
 []

Missing character: There is no θ (U+03B8) in font [lmroman10-regular]:+tlig;!
Missing character: There is no ≈ (U+2248) in font [lmroman10-regular]:+tlig;!
Missing character: There is no θ (U+03B8) in font [lmroman10-regular]:+tlig;!
Missing character: There is no θ (U+03B8) in font [lmroman10-regular]:+tlig;!
Missing character: There is no θ (U+03B8) in font [lmroman10-regular]:+tlig;!
Missing character: There is no ≈ (U+2248) in font [lmroman10-regular]:+tlig;!
Missing character: There is no θ (U+03B8) in font [lmroman10-regular]:+tlig;!
Missing character: There is no ≈ (U+2248) in font [lmroman10-regular]:+tlig;!
Missing character: There is no θ (U+03B8) in font [lmroman10-regular]:+tlig;!
Missing character: There is no θ (U+03B8) in font [lmroman10-regular]:+tlig;!
Missing character: There is no θ (U+03B8) in font [lmroman10-regular]:+tlig;!
Missing character: There is no θ (U+03B8) in font [lmroman10-regular]:+tlig;!
Missing character: There is no ω (U+03C9) in font [lmroman10-regular]:+tlig;!
Missing character: There is no ω (U+03C9) in font [lmroman10-regular]:+tlig;!
Missing character: There is no ω (U+03C9) in font [lmroman10-regular]:+tlig;!
Missing character: There is no α (U+03B1) in font [lmroman10-regular]:+tlig;!
Missing character: There is no α (U+03B1) in font [lmroman10-regular]:+tlig;!
Missing character: There is no α (U+03B1) in font [lmroman10-regular]:+tlig;!
Missing character: There is no 🕹 (U+1F579) in font [lmroman10-bold]:+tlig;!
Missing character: There is no 🕹 (U+1F579) in font [lmroman10-bold]:+tlig;!
Missing character: There is no 🕹 (U+1F579) in font [lmroman10-bold]:+tlig;!
Missing character: There is no 🕹 (U+1F579) in font [lmroman10-bold]:+tlig;!
Missing character: There is no 🕹 (U+1F579) in font [lmroman10-bold]:+tlig;!
Missing character: There is no 🕹 (U+1F579) in font [lmroman10-bold]:+tlig;!
Missing character: There is no 🕹 (U+1F579) in font [lmroman10-bold]:+tlig;!
Missing character: There is no 🕹 (U+1F579) in font [lmroman10-bold]:+tlig;!
Missing character: There is no 🕹 (U+1F579) in font [lmroman10-bold]:+tlig;!
Missing character: There is no θ (U+03B8) in font [lmroman10-regular]:+tlig;!
Missing character: There is no ₀ (U+2080) in font [lmroman10-regular]:+tlig;!
Missing character: There is no θ (U+03B8) in font [lmroman10-regular]:+tlig;!
Missing character: There is no ₀ (U+2080) in font [lmroman10-regular]:+tlig;!
Missing character: There is no θ (U+03B8) in font [lmroman10-regular]:+tlig;!
Missing character: There is no ₀ (U+2080) in font [lmroman10-regular]:+tlig;!
Missing character: There is no 🕹 (U+1F579) in font [lmroman10-bold]:+tlig;!
Missing character: There is no 🕹 (U+1F579) in font [lmroman10-bold]:+tlig;!
Missing character: There is no 🕹 (U+1F579) in font [lmroman10-bold]:+tlig;!
Missing character: There is no 🕹 (U+1F579) in font [lmroman10-bold]:+tlig;!
Missing character: There is no 🕹 (U+1F579) in font [lmroman10-bold]:+tlig;!
Missing character: There is no 🕹 (U+1F579) in font [lmroman10-bold]:+tlig;!
Missing character: There is no 🕹 (U+1F579) in font [lmroman10-bold]:+tlig;!
Missing character: There is no 🕹 (U+1F579) in font [lmroman10-bold]:+tlig;!
Missing character: There is no 🕹 (U+1F579) in font [lmroman10-bold]:+tlig;!
Missing character: There is no 🕹 (U+1F579) in font [lmroman10-bold]:+tlig;!
Missing character: There is no 🕹 (U+1F579) in font [lmroman10-bold]:+tlig;!
Missing character: There is no 🕹 (U+1F579) in font [lmroman10-bold]:+tlig;!
Missing character: There is no 🕹 (U+1F579) in font [lmroman10-bold]:+tlig;!
Missing character: There is no 🕹 (U+1F579) in font [lmroman10-bold]:+tlig;!
Missing character: There is no 🕹 (U+1F579) in font [lmroman10-bold]:+tlig;!
Missing character: There is no 🕹 (U+1F579) in font [lmroman10-bold]:+tlig;!
Missing character: There is no 🕹 (U+1F579) in font [lmroman10-bold]:+tlig;!
Missing character: There is no 🕹 (U+1F579) in font [lmroman10-bold]:+tlig;!
Missing character: There is no ω (U+03C9) in font [lmroman10-regular]:+tlig;!
Missing character: There is no ω (U+03C9) in font [lmroman10-regular]:+tlig;!
Missing character: There is no ω (U+03C9) in font [lmroman10-regular]:+tlig;!
chapter 12.
<Figuras/fig8_1_protocolos_temporales.png, id=450, 1706.375pt x 1154.3125pt>
File: Figuras/fig8_1_protocolos_temporales.png Graphic file (type png)
<use Figuras/fig8_1_protocolos_temporales.png>
Package luatex.def Info: Figuras/fig8_1_protocolos_temporales.png  used on input line 3703.
(luatex.def)             Requested size: 379.2832pt x 256.57393pt.
<Figuras/fig8_2_garcia_koelling.png, id=451, 1706.375pt x 1254.6875pt>
File: Figuras/fig8_2_garcia_koelling.png Graphic file (type png)
<use Figuras/fig8_2_garcia_koelling.png>
Package luatex.def Info: Figuras/fig8_2_garcia_koelling.png  used on input line 3779.
(luatex.def)             Requested size: 379.2832pt x 278.8847pt.
<Figuras/fig8_3_ensombrecimiento.png, id=452, 1706.375pt x 1304.875pt>
File: Figuras/fig8_3_ensombrecimiento.png Graphic file (type png)
<use Figuras/fig8_3_ensombrecimiento.png>
Package luatex.def Info: Figuras/fig8_3_ensombrecimiento.png  used on input line 3939.
(luatex.def)             Requested size: 379.2832pt x 290.04008pt.
<Figuras/fig8_4_bloqueo_kamin.png, id=453, 1706.375pt x 1329.96875pt>
File: Figuras/fig8_4_bloqueo_kamin.png Graphic file (type png)
<use Figuras/fig8_4_bloqueo_kamin.png>
Package luatex.def Info: Figuras/fig8_4_bloqueo_kamin.png  used on input line 4020.
(luatex.def)             Requested size: 379.2832pt x 295.61778pt.
Missing character: There is no τ (U+03C4) in font [lmroman10-regular]:+tlig;!
Missing character: There is no τ (U+03C4) in font [lmroman10-regular]:+tlig;!
Missing character: There is no α (U+03B1) in font [lmroman10-regular]:+tlig;!
Missing character: There is no α (U+03B1) in font [lmroman10-regular]:+tlig;!
Missing character: There is no α (U+03B1) in font [lmroman10-regular]:+tlig;!
chapter 13.
<Figuras/figura_9_1_staddon.png, id=454, 569.4876pt x 352.1958pt>
File: Figuras/figura_9_1_staddon.png Graphic file (type png)
<use Figuras/figura_9_1_staddon.png>
Package luatex.def Info: Figuras/figura_9_1_staddon.png  used on input line 4580.
(luatex.def)             Requested size: 564.65474pt x 349.20695pt.

Overfull \hbox (143.21756pt too wide) in paragraph at lines 4580--4581
 [][] 
 []

<Figuras/figura_9_2_dickinson.png, id=455, 860.013pt x 368.0952pt>
File: Figuras/figura_9_2_dickinson.png Graphic file (type png)
<use Figuras/figura_9_2_dickinson.png>
Package luatex.def Info: Figuras/figura_9_2_dickinson.png  used on input line 4677.
(luatex.def)             Requested size: 564.60522pt x 241.65735pt.

Overfull \hbox (143.16805pt too wide) in paragraph at lines 4677--4678
 [][] 
 []

<Figuras/figura_9_3_lattal.png, id=456, 931.3194pt x 498.663pt>
File: Figuras/figura_9_3_lattal.png Graphic file (type png)
<use Figuras/figura_9_3_lattal.png>
Package luatex.def Info: Figuras/figura_9_3_lattal.png  used on input line 4732.
(luatex.def)             Requested size: 564.60815pt x 302.31216pt.

Overfull \hbox (143.17097pt too wide) in paragraph at lines 4732--4733
 [][] 
 []

<Figuras/figura_9_4_5_killeen.png, id=457, 820.0236pt x 352.6776pt>
File: Figuras/figura_9_4_5_killeen.png Graphic file (type png)
<use Figuras/figura_9_4_5_killeen.png>
Package luatex.def Info: Figuras/figura_9_4_5_killeen.png  used on input line 4840.
(luatex.def)             Requested size: 564.61569pt x 242.83118pt.

Overfull \hbox (143.17851pt too wide) in paragraph at lines 4840--4841
 [][] 
 []

Missing character: There is no α (U+03B1) in font [lmroman10-bold]:+tlig;!
Missing character: There is no α (U+03B1) in font [lmroman10-bold]:+tlig;!
Missing character: There is no α (U+03B1) in font [lmroman10-bold]:+tlig;!
chapter 14.
<Figuras/fig_10_1_parpadeo.png, id=458, 592.25266pt x 355.92975pt>
File: Figuras/fig_10_1_parpadeo.png Graphic file (type png)
<use Figuras/fig_10_1_parpadeo.png>
Package luatex.def Info: Figuras/fig_10_1_parpadeo.png  used on input line 5252.
(luatex.def)             Requested size: 564.6069pt x 339.3153pt.

Overfull \hbox (143.16972pt too wide) in paragraph at lines 5252--5253
 [][] 
 []

<Figuras/fig_10_2_velocidad.png, id=459, 519.98265pt x 333.1647pt>
File: Figuras/fig_10_2_velocidad.png Graphic file (type png)
<use Figuras/fig_10_2_velocidad.png>
Package luatex.def Info: Figuras/fig_10_2_velocidad.png  used on input line 5273.
(luatex.def)             Requested size: 564.65141pt x 361.78497pt.

Overfull \hbox (143.21423pt too wide) in paragraph at lines 5273--5274
 [][] 
 []


Overfull \hbox (2.25769pt too wide) in paragraph at lines 5469--5470
[]|\TU/lmr/m/n/10.95 Adquisi- 
 []


Overfull \hbox (2.25769pt too wide) in paragraph at lines 5470--5471
[]|\TU/lmr/m/n/10.95 Adquisi- 
 []


Overfull \hbox (2.25769pt too wide) in paragraph at lines 5471--5472
[]|\TU/lmr/m/n/10.95 Adquisi- 
 []


Overfull \hbox (2.25769pt too wide) in paragraph at lines 5472--5473
[]|\TU/lmr/m/n/10.95 Adquisi- 
 []

<Figuras/fig_10_3_trayectorias.png, id=460, 556.11765pt x 333.1647pt>
File: Figuras/fig_10_3_trayectorias.png Graphic file (type png)
<use Figuras/fig_10_3_trayectorias.png>
Package luatex.def Info: Figuras/fig_10_3_trayectorias.png  used on input line 5492.
(luatex.def)             Requested size: 564.66135pt x 338.28314pt.

Overfull \hbox (143.22417pt too wide) in paragraph at lines 5492--5493
 [][] 
 []

Missing character: There is no α (U+03B1) in font [lmroman10-regular]:+tlig;!
Missing character: There is no α (U+03B1) in font [lmroman10-regular]:+tlig;!
Missing character: There is no ₀ (U+2080) in font [lmroman10-regular]:+tlig;!
Missing character: There is no α (U+03B1) in font [lmroman10-regular]:+tlig;!
Missing character: There is no α (U+03B1) in font [lmroman10-regular]:+tlig;!
Missing character: There is no α (U+03B1) in font [lmroman10-regular]:+tlig;!
Missing character: There is no α (U+03B1) in font [lmroman10-regular]:+tlig;!
Missing character: There is no α (U+03B1) in font [lmroman10-regular]:+tlig;!
Missing character: There is no α (U+03B1) in font [lmroman10-regular]:+tlig;!
Missing character: There is no ₀ (U+2080) in font [lmroman10-regular]:+tlig;!
Missing character: There is no ₀ (U+2080) in font [lmroman10-regular]:+tlig;!
Missing character: There is no α (U+03B1) in font [lmroman10-regular]:+tlig;!
Missing character: There is no α (U+03B1) in font [lmroman10-regular]:+tlig;!
Missing character: There is no α (U+03B1) in font [lmroman10-regular]:+tlig;!
Missing character: There is no α (U+03B1) in font [lmroman10-regular]:+tlig;!
<Figuras/fig_10_4_adq_ext.png, id=461, 592.25266pt x 333.1647pt>
File: Figuras/fig_10_4_adq_ext.png Graphic file (type png)
<use Figuras/fig_10_4_adq_ext.png>
Package luatex.def Info: Figuras/fig_10_4_adq_ext.png  used on input line 5512.
(luatex.def)             Requested size: 564.6069pt x 317.6129pt.

Overfull \hbox (143.16972pt too wide) in paragraph at lines 5512--5513
 [][] 
 []

Missing character: There is no α (U+03B1) in font [lmroman10-regular]:+tlig;!
Missing character: There is no α (U+03B1) in font [lmroman10-regular]:+tlig;!
Missing character: There is no α (U+03B1) in font [lmroman10-regular]:+tlig;!
Missing character: There is no α (U+03B1) in font [lmroman10-regular]:+tlig;!
<Figuras/fig_10_5_V_delta.png, id=462, 592.25266pt x 431.09055pt>
File: Figuras/fig_10_5_V_delta.png Graphic file (type png)
<use Figuras/fig_10_5_V_delta.png>
Package luatex.def Info: Figuras/fig_10_5_V_delta.png  used on input line 5587.
(luatex.def)             Requested size: 564.6069pt x 410.96767pt.

Overfull \hbox (143.16972pt too wide) in paragraph at lines 5587--5588
 [][] 
 []

Missing character: There is no δ (U+03B4) in font [lmroman10-regular]:+tlig;!
Missing character: There is no δ (U+03B4) in font [lmroman10-regular]:+tlig;!
Missing character: There is no δ (U+03B4) in font [lmroman10-regular]:+tlig;!
Missing character: There is no α (U+03B1) in font [lmroman10-regular]:+tlig;!
Missing character: There is no δ (U+03B4) in font [lmroman10-regular]:+tlig;!
Missing character: There is no δ (U+03B4) in font [lmroman10-regular]:+tlig;!
Missing character: There is no δ (U+03B4) in font [lmroman10-regular]:+tlig;!
Missing character: There is no δ (U+03B4) in font [lmroman10-regular]:+tlig;!
Missing character: There is no α (U+03B1) in font [lmroman10-regular]:+tlig;!
<Figuras/fig_10_7_mediana_corrida.png, id=463, 664.52264pt x 355.92975pt>
File: Figuras/fig_10_7_mediana_corrida.png Graphic file (type png)
<use Figuras/fig_10_7_mediana_corrida.png>
Package luatex.def Info: Figuras/fig_10_7_mediana_corrida.png  used on input line 5660.
(luatex.def)             Requested size: 664.52101pt x 355.92888pt.

Overfull \hbox (96.879pt too wide) in paragraph at lines 5660--5662
[][]\TU/lmr/m/n/10.95 {#figura_10_7_me-
 []

<Figuras/fig_10_6_pesos_exp.png, id=464, 592.25266pt x 355.92975pt>
File: Figuras/fig_10_6_pesos_exp.png Graphic file (type png)
<use Figuras/fig_10_6_pesos_exp.png>
Package luatex.def Info: Figuras/fig_10_6_pesos_exp.png  used on input line 5796.
(luatex.def)             Requested size: 564.6069pt x 339.3153pt.

Overfull \hbox (143.16972pt too wide) in paragraph at lines 5796--5797
 [][] 
 []

Missing character: There is no α (U+03B1) in font [lmroman10-regular]:+tlig;!
Missing character: There is no α (U+03B1) in font [lmroman10-regular]:+tlig;!
Missing character: There is no α (U+03B1) in font [lmroman10-regular]:+tlig;!
Missing character: There is no α (U+03B1) in font [lmroman10-regular]:+tlig;!
Missing character: There is no α (U+03B1) in font [lmroman10-regular]:+tlig;!
Missing character: There is no α (U+03B1) in font [lmroman10-regular]:+tlig;!
Missing character: There is no α (U+03B1) in font [lmroman10-regular]:+tlig;!
Missing character: There is no α (U+03B1) in font [lmroman10-regular]:+tlig;!
Missing character: There is no α (U+03B1) in font [lmroman10-regular]:+tlig;!
Missing character: There is no α (U+03B1) in font [lmroman10-regular]:+tlig;!
Missing character: There is no α (U+03B1) in font [lmroman10-regular]:+tlig;!
Missing character: There is no 🕹 (U+1F579) in font [lmroman10-bold]:+tlig;!
Missing character: There is no 🕹 (U+1F579) in font [lmroman10-bold]:+tlig;!
Missing character: There is no 🕹 (U+1F579) in font [lmroman10-bold]:+tlig;!
Missing character: There is no 🕹 (U+1F579) in font [lmroman10-bold]:+tlig;!
Missing character: There is no 🕹 (U+1F579) in font [lmroman10-bold]:+tlig;!
Missing character: There is no 🕹 (U+1F579) in font [lmroman10-bold]:+tlig;!
Missing character: There is no 🕹 (U+1F579) in font [lmroman10-bold]:+tlig;!
Missing character: There is no 🕹 (U+1F579) in font [lmroman10-bold]:+tlig;!
Missing character: There is no 🕹 (U+1F579) in font [lmroman10-bold]:+tlig;!
chapter 15.
<Figuras/fig_11_1_ensombrecimiento.png, id=466, 784.49084pt x 314.01315pt>
File: Figuras/fig_11_1_ensombrecimiento.png Graphic file (type png)
<use Figuras/fig_11_1_ensombrecimiento.png>
Package luatex.def Info: Figuras/fig_11_1_ensombrecimiento.png  used on input line 6245.
(luatex.def)             Requested size: 564.64145pt x 226.01262pt.

Overfull \hbox (143.20427pt too wide) in paragraph at lines 6245--6246
 [][] 
 []

Missing character: There is no ≈ (U+2248) in font [lmroman10-italic]:+tlig;!
Missing character: There is no ≈ (U+2248) in font [lmroman10-italic]:+tlig;!
Missing character: There is no ≈ (U+2248) in font [lmroman10-italic]:+tlig;!
Missing character: There is no ≈ (U+2248) in font [lmroman10-italic]:+tlig;!
Missing character: There is no ≈ (U+2248) in font [lmroman10-italic]:+tlig;!
Missing character: There is no ≈ (U+2248) in font [lmroman10-italic]:+tlig;!
Missing character: There is no ≈ (U+2248) in font [lmroman10-italic]:+tlig;!
Missing character: There is no ≈ (U+2248) in font [lmroman10-italic]:+tlig;!
Missing character: There is no ≈ (U+2248) in font [lmroman10-italic]:+tlig;!
Missing character: There is no ≈ (U+2248) in font [lmroman10-italic]:+tlig;!
Missing character: There is no ≈ (U+2248) in font [lmroman10-italic]:+tlig;!
Missing character: There is no ≈ (U+2248) in font [lmroman10-italic]:+tlig;!
<Figuras/fig_11_2_bloqueo.png, id=467, 567.68085pt x 515.2851pt>
File: Figuras/fig_11_2_bloqueo.png Graphic file (type png)
<use Figuras/fig_11_2_bloqueo.png>
Package luatex.def Info: Figuras/fig_11_2_bloqueo.png  used on input line 6322.
(luatex.def)             Requested size: 564.65637pt x 512.53978pt.

Overfull \hbox (143.2192pt too wide) in paragraph at lines 6322--6323
 [][] 
 []

Missing character: There is no ≈ (U+2248) in font [lmroman10-italic]:+tlig;!
Missing character: There is no ≈ (U+2248) in font [lmroman10-italic]:+tlig;!
Missing character: There is no ≈ (U+2248) in font [lmroman10-italic]:+tlig;!
Missing character: There is no ≈ (U+2248) in font [lmroman10-italic]:+tlig;!
Missing character: There is no ≈ (U+2248) in font [lmroman10-italic]:+tlig;!
Missing character: There is no ≈ (U+2248) in font [lmroman10-italic]:+tlig;!
Missing character: There is no ≈ (U+2248) in font [lmroman10-italic]:+tlig;!
Missing character: There is no ≈ (U+2248) in font [lmroman10-italic]:+tlig;!
Missing character: There is no ≈ (U+2248) in font [lmroman10-italic]:+tlig;!

Package longtable Warning: Column widths have changed
(longtable)                in table 15.2 on input line 6362.

<Figuras/fig_11_3_sobreexpectacion.png, id=468, 712.22086pt x 332.80334pt>
File: Figuras/fig_11_3_sobreexpectacion.png Graphic file (type png)
<use Figuras/fig_11_3_sobreexpectacion.png>
Package luatex.def Info: Figuras/fig_11_3_sobreexpectacion.png  used on input line 6394.
(luatex.def)             Requested size: 564.62622pt x 263.83597pt.

Overfull \hbox (143.18904pt too wide) in paragraph at lines 6394--6395
 [][] 
 []

Missing character: There is no ≈ (U+2248) in font [lmroman10-italic]:+tlig;!
Missing character: There is no ≈ (U+2248) in font [lmroman10-italic]:+tlig;!
Missing character: There is no ≈ (U+2248) in font [lmroman10-italic]:+tlig;!
Missing character: There is no ≈ (U+2248) in font [lmroman10-italic]:+tlig;!
<Figuras/fig_11_4_inhibidor.png, id=470, 567.68085pt x 332.80334pt>
File: Figuras/fig_11_4_inhibidor.png Graphic file (type png)
<use Figuras/fig_11_4_inhibidor.png>
Package luatex.def Info: Figuras/fig_11_4_inhibidor.png  used on input line 6493.
(luatex.def)             Requested size: 379.30473pt x 222.36769pt.
Missing character: There is no ≈ (U+2248) in font [lmroman10-italic]:+tlig;!
Missing character: There is no ≈ (U+2248) in font [lmroman10-italic]:+tlig;!
Missing character: There is no ≈ (U+2248) in font [lmroman10-italic]:+tlig;!
Missing character: There is no ≈ (U+2248) in font [lmroman10-italic]:+tlig;!

Package longtable Warning: Column widths have changed
(longtable)                in table 15.3 on input line 6537.


Package longtable Warning: Column widths have changed
(longtable)                in table 15.4 on input line 6562.

<Figuras/fig_11_5_sumacion.png, id=471, 777.98656pt x 314.01315pt>
File: Figuras/fig_11_5_sumacion.png Graphic file (type png)
<use Figuras/fig_11_5_sumacion.png>
Package luatex.def Info: Figuras/fig_11_5_sumacion.png  used on input line 6583.
(luatex.def)             Requested size: 564.63718pt x 227.90045pt.

Overfull \hbox (143.2pt too wide) in paragraph at lines 6583--6584
 [][] 
 []

Missing character: There is no ≈ (U+2248) in font [lmroman10-italic]:+tlig;!
Missing character: There is no ≈ (U+2248) in font [lmroman10-italic]:+tlig;!
Missing character: There is no ≈ (U+2248) in font [lmroman10-italic]:+tlig;!
<Figuras/fig_11_6_retardo.png, id=472, 567.68085pt x 332.80334pt>
File: Figuras/fig_11_6_retardo.png Graphic file (type png)
<use Figuras/fig_11_6_retardo.png>
Package luatex.def Info: Figuras/fig_11_6_retardo.png  used on input line 6607.
(luatex.def)             Requested size: 564.65637pt x 331.03023pt.

Overfull \hbox (143.2192pt too wide) in paragraph at lines 6607--6608
 [][] 
 []

Missing character: There is no ≈ (U+2248) in font [lmroman10-italic]:+tlig;!
Missing character: There is no ≈ (U+2248) in font [lmroman10-italic]:+tlig;!
Missing character: There is no ≈ (U+2248) in font [lmroman10-italic]:+tlig;!
<Figuras/fig_11_7_no_extincion_inhibicion.png, id=473, 567.68085pt x 332.80334pt>
File: Figuras/fig_11_7_no_extincion_inhibicion.png Graphic file (type png)
<use Figuras/fig_11_7_no_extincion_inhibicion.png>
Package luatex.def Info: Figuras/fig_11_7_no_extincion_inhibicion.png  used on input line 6681.
(luatex.def)             Requested size: 564.65637pt x 331.03023pt.

Overfull \hbox (143.2192pt too wide) in paragraph at lines 6681--6682
 [][] 
 []

Missing character: There is no ≈ (U+2248) in font [lmroman10-italic]:+tlig;!
Missing character: There is no ≈ (U+2248) in font [lmroman10-italic]:+tlig;!
Missing character: There is no ≈ (U+2248) in font [lmroman10-italic]:+tlig;!
Missing character: There is no ≈ (U+2248) in font [lmroman10-italic]:+tlig;!
Missing character: There is no ≈ (U+2248) in font [lmroman10-italic]:+tlig;!
Missing character: There is no ≈ (U+2248) in font [lmroman10-italic]:+tlig;!
<Figuras/fig_11_8_inhibicion_latente.png, id=474, 567.68085pt x 332.80334pt>
File: Figuras/fig_11_8_inhibicion_latente.png Graphic file (type png)
<use Figuras/fig_11_8_inhibicion_latente.png>
Package luatex.def Info: Figuras/fig_11_8_inhibicion_latente.png  used on input line 6737.
(luatex.def)             Requested size: 564.65637pt x 331.03023pt.

Overfull \hbox (143.2192pt too wide) in paragraph at lines 6737--6738
 [][] 
 []


Underfull \hbox (badness 1460) in paragraph at lines 6753--6754
[]\TU/lmr/m/it/10.95 [In-hibi-ción la-tente. Dos cur-vas de adquisi-
 []

chapter 16.
Missing character: There is no ■ (U+25A0) in font [lmroman10-bold]:+tlig;!
Missing character: There is no ● (U+25CF) in font [lmroman10-bold]:+tlig;!
Missing character: There is no ★ (U+2605) in font [lmroman10-bold]:+tlig;!
Missing character: There is no ○ (U+25CB) in font [lmroman10-bold]:+tlig;!
Missing character: There is no ■ (U+25A0) in font [lmroman10-bold]:+tlig;!
Missing character: There is no ■ (U+25A0) in font [lmroman10-bold]:+tlig;!
Missing character: There is no ● (U+25CF) in font [lmroman10-bold]:+tlig;!
Missing character: There is no ★ (U+2605) in font [lmroman10-bold]:+tlig;!
Missing character: There is no ● (U+25CF) in font [lmroman10-bold]:+tlig;!
Missing character: There is no ★ (U+2605) in font [lmroman10-bold]:+tlig;!
Missing character: There is no ○ (U+25CB) in font [lmroman10-bold]:+tlig;!
Missing character: There is no ○ (U+25CB) in font [lmroman10-bold]:+tlig;!

LaTeX Warning: File `media/fig_12_4_timberlake.png' not found on input line 7338.


! Package luatex.def Error: File `media/fig_12_4_timberlake.png' not found: using draft setting.

See the luatex.def package documentation for explanation.
Type  H <return>  for immediate help.
 ...                                              
                                                  
l.7338 ...pectratio]{media/fig_12_4_timberlake.png}}
                                                  

Here is how much of LuaTeX's memory you used:
 42094 strings out of 476076
 2274309,1648299 words of node,token memory allocated
 1874584 words of node memory still in use:
   4596 hlist, 218 vlist, 389 rule, 17550 disc, 777 local_par, 5 dir, 511 math, 37787 glue, 8963 kern, 3088 penalty, 1246 margin_kern, 182015 glyph, 5889 attribute, 134 glue_spec, 5889 attribute_list, 4 temp, 7 if_stack, 3 shape, 249 write, 5 pdf_start_link, 5 pdf_end_link, 134 pdf_dest, 6 pdf_action, 543 pdf_colorstack, 24 pdf_setmatrix, 24 pdf_save, 24 pdf_restore nodes
   avail lists: 1:4,2:4,3:1,4:12,7:199,8:40,10:29,12:1
 63471 multiletter control sequences out of 65536+600000
 69 fonts using 19956731 bytes
 108i,10n,114p,11226b,1342s stack positions out of 10000i,1000n,20000p,200000b,200000s
!  ==> Fatal error occurred, no output PDF file produced!
